Type;Strain_or_control;Biological_replicate;Technical_replicate;Time_h;Medium;OD600_raw;OD600_corrected
Control;Control_TSB;—;Mean;0;TSB;0,0782;0
Control;Control_TSB;—;Mean;1;TSB;0,0764;0
Control;Control_TSB;—;Mean;2;TSB;0,0801;0
Control;Control_TSB;—;Mean;3;TSB;0,0756;0
Control;Control_TSB;—;Mean;4;TSB;0,0778;0
Control;Control_TSB;—;Mean;5;TSB;0,0808;0
Control;Control_TSB;—;Mean;6;TSB;0,08;0
Control;Control_TSB;—;Mean;7;TSB;0,0789;0
Control;Control_TSB;—;Mean;8;TSB;0,0759;0
Control;Control_TSB;—;Mean;9;TSB;0,0798;0
Control;Control_TSB;—;Mean;10;TSB;0,0781;0
Control;Control_TSB;—;Mean;11;TSB;0,0763;0
Control;Control_TSB;—;Mean;12;TSB;0,0764;0
Control;Control_TSB;—;Mean;13;TSB;0,0776;0
Control;Control_TSB;—;Mean;14;TSB;0,0798;0
Control;Control_TSB;—;Mean;15;TSB;0,0796;0
Control;Control_TSB;—;Mean;16;TSB;0,0788;0
Control;Control_TSB;—;Mean;17;TSB;0,0753;0
Control;Control_TSB;—;Mean;18;TSB;0,0795;0
Control;Control_TSB;—;Mean;19;TSB;0,0773;0
Control;Control_TSB;—;Mean;20;TSB;0,081;0
Control;Control_TSB;—;Mean;21;TSB;0,0785;0
Control;Control_TSB;—;Mean;22;TSB;0,0781;0
Control;Control_TSB;—;Mean;23;TSB;0,0773;0
Control;Control_TSB;—;Mean;24;TSB;0,0785;0
Control;Control_TSB;—;Mean;25;TSB;0,0743;0
Control;Control_TSB;—;Mean;26;TSB;0,0789;0
Control;Control_TSB;—;Mean;27;TSB;0,0771;0
Control;Control_TSB;—;Mean;28;TSB;0,0764;0
Control;Control_TSB;—;Mean;29;TSB;0,0771;0
Control;Control_TSB;—;Mean;30;TSB;0,0769;0
Control;Control_TSB;—;Mean;31;TSB;0,0749;0
Control;Control_TSB;—;Mean;32;TSB;0,0759;0
Control;Control_TSB;—;Mean;33;TSB;0,0794;0
Control;Control_TSB;—;Mean;34;TSB;0,0784;0
Control;Control_TSB;—;Mean;35;TSB;0,077;0
Control;Control_TSB;—;Mean;36;TSB;0,0763;0
Control;Control_YPDB;—;Mean;0;YPDB;0,0914;0
Control;Control_YPDB;—;Mean;1;YPDB;0,0903;0
Control;Control_YPDB;—;Mean;2;YPDB;0,0893;0
Control;Control_YPDB;—;Mean;3;YPDB;0,0918;0
Control;Control_YPDB;—;Mean;4;YPDB;0,0885;0
Control;Control_YPDB;—;Mean;5;YPDB;0,0921;0
Control;Control_YPDB;—;Mean;6;YPDB;0,0924;0
Control;Control_YPDB;—;Mean;7;YPDB;0,0917;0
Control;Control_YPDB;—;Mean;8;YPDB;0,0901;0
Control;Control_YPDB;—;Mean;9;YPDB;0,0921;0
Control;Control_YPDB;—;Mean;10;YPDB;0,089;0
Control;Control_YPDB;—;Mean;11;YPDB;0,092;0
Control;Control_YPDB;—;Mean;12;YPDB;0,0909;0
Control;Control_YPDB;—;Mean;13;YPDB;0,0886;0
Control;Control_YPDB;—;Mean;14;YPDB;0,0953;0
Control;Control_YPDB;—;Mean;15;YPDB;0,095;0
Control;Control_YPDB;—;Mean;16;YPDB;0,088;0
Control;Control_YPDB;—;Mean;17;YPDB;0,0978;0
Control;Control_YPDB;—;Mean;18;YPDB;0,0934;0
Control;Control_YPDB;—;Mean;19;YPDB;0,0941;0
Control;Control_YPDB;—;Mean;20;YPDB;0,0908;0
Control;Control_YPDB;—;Mean;21;YPDB;0,0901;0
Control;Control_YPDB;—;Mean;22;YPDB;0,0908;0
Control;Control_YPDB;—;Mean;23;YPDB;0,0879;0
Control;Control_YPDB;—;Mean;24;YPDB;0,093;0
Control;Control_YPDB;—;Mean;25;YPDB;0,0938;0
Control;Control_YPDB;—;Mean;26;YPDB;0,0941;0
Control;Control_YPDB;—;Mean;27;YPDB;0,0939;0
Control;Control_YPDB;—;Mean;28;YPDB;0,0909;0
Control;Control_YPDB;—;Mean;29;YPDB;0,0918;0
Control;Control_YPDB;—;Mean;30;YPDB;0,0935;0
Control;Control_YPDB;—;Mean;31;YPDB;0,0919;0
Control;Control_YPDB;—;Mean;32;YPDB;0,0937;0
Control;Control_YPDB;—;Mean;33;YPDB;0,088;0
Control;Control_YPDB;—;Mean;34;YPDB;0,0939;0
Control;Control_YPDB;—;Mean;35;YPDB;0,0941;0
Control;Control_YPDB;—;Mean;36;YPDB;0,089;0
Sample;1017;1;1;0;TSB;0,1272;0,049
Sample;1017;1;1;1;TSB;0,1581;0,0817
Sample;1017;1;1;2;TSB;0,2381;0,1579
Sample;1017;1;1;3;TSB;0,373;0,2974
Sample;1017;1;1;4;TSB;0,3614;0,2835
Sample;1017;1;1;5;TSB;0,367;0,2862
Sample;1017;1;1;6;TSB;0,3853;0,3053
Sample;1017;1;1;7;TSB;0,4045;0,3256
Sample;1017;1;1;8;TSB;0,4281;0,3521
Sample;1017;1;1;9;TSB;0,451;0,3712
Sample;1017;1;1;10;TSB;0,4742;0,3961
Sample;1017;1;1;11;TSB;0,4932;0,4169
Sample;1017;1;1;12;TSB;0,5103;0,4339
Sample;1017;1;1;13;TSB;0,5343;0,4567
Sample;1017;1;1;14;TSB;0,5537;0,4739
Sample;1017;1;1;15;TSB;0,5692;0,4896
Sample;1017;1;1;16;TSB;0,5871;0,5082
Sample;1017;1;1;17;TSB;0,6075;0,5322
Sample;1017;1;1;18;TSB;0,6206;0,5411
Sample;1017;1;1;19;TSB;0,6396;0,5623
Sample;1017;1;1;20;TSB;0,6552;0,5742
Sample;1017;1;1;21;TSB;0,6694;0,5908
Sample;1017;1;1;22;TSB;0,6825;0,6043
Sample;1017;1;1;23;TSB;0,6973;0,62
Sample;1017;1;1;24;TSB;0,7103;0,6318
Sample;1017;1;1;25;TSB;0,7232;0,6488
Sample;1017;1;1;26;TSB;0,7341;0,6551
Sample;1017;1;1;27;TSB;0,7412;0,664
Sample;1017;1;1;28;TSB;0,7467;0,6703
Sample;1017;1;1;29;TSB;0,7495;0,6724
Sample;1017;1;1;30;TSB;0,7521;0,6752
Sample;1017;1;1;31;TSB;0,7501;0,6752
Sample;1017;1;1;32;TSB;0,7442;0,6683
Sample;1017;1;1;33;TSB;0,7393;0,6599
Sample;1017;1;1;34;TSB;0,7326;0,6542
Sample;1017;1;1;35;TSB;0,7258;0,6488
Sample;1017;1;1;36;TSB;0,718;0,6416
Sample;1017;1;2;0;TSB;0,1261;0,0479
Sample;1017;1;2;1;TSB;0,1523;0,0759
Sample;1017;1;2;2;TSB;0,2587;0,1786
Sample;1017;1;2;3;TSB;0,3634;0,2878
Sample;1017;1;2;4;TSB;0,3836;0,3058
Sample;1017;1;2;5;TSB;0,3915;0,3107
Sample;1017;1;2;6;TSB;0,4085;0,3285
Sample;1017;1;2;7;TSB;0,427;0,3481
Sample;1017;1;2;8;TSB;0,4477;0,3718
Sample;1017;1;2;9;TSB;0,4683;0,3885
Sample;1017;1;2;10;TSB;0,4877;0,4096
Sample;1017;1;2;11;TSB;0,5082;0,4319
Sample;1017;1;2;12;TSB;0,5279;0,4515
Sample;1017;1;2;13;TSB;0,5465;0,4689
Sample;1017;1;2;14;TSB;0,5645;0,4847
Sample;1017;1;2;15;TSB;0,5799;0,5003
Sample;1017;1;2;16;TSB;0,5998;0,521
Sample;1017;1;2;17;TSB;0,6192;0,5439
Sample;1017;1;2;18;TSB;0,6348;0,5553
Sample;1017;1;2;19;TSB;0,6503;0,573
Sample;1017;1;2;20;TSB;0,6653;0,5843
Sample;1017;1;2;21;TSB;0,6823;0,6038
Sample;1017;1;2;22;TSB;0,694;0,6159
Sample;1017;1;2;23;TSB;0,7082;0,6309
Sample;1017;1;2;24;TSB;0,7203;0,6418
Sample;1017;1;2;25;TSB;0,7317;0,6574
Sample;1017;1;2;26;TSB;0,7429;0,664
Sample;1017;1;2;27;TSB;0,7506;0,6735
Sample;1017;1;2;28;TSB;0,7556;0,6792
Sample;1017;1;2;29;TSB;0,7598;0,6827
Sample;1017;1;2;30;TSB;0,7616;0,6847
Sample;1017;1;2;31;TSB;0,7583;0,6834
Sample;1017;1;2;32;TSB;0,7552;0,6793
Sample;1017;1;2;33;TSB;0,7502;0,6708
Sample;1017;1;2;34;TSB;0,7427;0,6643
Sample;1017;1;2;35;TSB;0,7372;0,6602
Sample;1017;1;2;36;TSB;0,7285;0,6522
Sample;1017;1;3;0;TSB;0,1276;0,0494
Sample;1017;1;3;1;TSB;0,1364;0,06
Sample;1017;1;3;2;TSB;0,273;0,1929
Sample;1017;1;3;3;TSB;0,3362;0,2606
Sample;1017;1;3;4;TSB;0,3431;0,2653
Sample;1017;1;3;5;TSB;0,3586;0,2778
Sample;1017;1;3;6;TSB;0,3824;0,3024
Sample;1017;1;3;7;TSB;0,4043;0,3254
Sample;1017;1;3;8;TSB;0,4288;0,3529
Sample;1017;1;3;9;TSB;0,4542;0,3744
Sample;1017;1;3;10;TSB;0,4832;0,4051
Sample;1017;1;3;11;TSB;0,5018;0,4255
Sample;1017;1;3;12;TSB;0,5297;0,4533
Sample;1017;1;3;13;TSB;0,5663;0,4887
Sample;1017;1;3;14;TSB;0,5972;0,5174
Sample;1017;1;3;15;TSB;0,6301;0,5505
Sample;1017;1;3;16;TSB;0,6547;0,5759
Sample;1017;1;3;17;TSB;0,6859;0,6106
Sample;1017;1;3;18;TSB;0,7015;0,622
Sample;1017;1;3;19;TSB;0,7173;0,64
Sample;1017;1;3;20;TSB;0,7309;0,6499
Sample;1017;1;3;21;TSB;0,7444;0,6659
Sample;1017;1;3;22;TSB;0,7553;0,6772
Sample;1017;1;3;23;TSB;0,7678;0,6905
Sample;1017;1;3;24;TSB;0,7776;0,6991
Sample;1017;1;3;25;TSB;0,7872;0,7129
Sample;1017;1;3;26;TSB;0,7942;0,7153
Sample;1017;1;3;27;TSB;0,8024;0,7253
Sample;1017;1;3;28;TSB;0,8085;0,7321
Sample;1017;1;3;29;TSB;0,8144;0,7373
Sample;1017;1;3;30;TSB;0,8189;0,742
Sample;1017;1;3;31;TSB;0,8238;0,7489
Sample;1017;1;3;32;TSB;0,8258;0,7499
Sample;1017;1;3;33;TSB;0,826;0,7466
Sample;1017;1;3;34;TSB;0,826;0,7476
Sample;1017;1;3;35;TSB;0,8225;0,7455
Sample;1017;1;3;36;TSB;0,8164;0,7401
Sample;1017;2;1;0;TSB;0,1273;0,0491
Sample;1017;2;1;1;TSB;0,1389;0,0625
Sample;1017;2;1;2;TSB;0,2584;0,1782
Sample;1017;2;1;3;TSB;0,3336;0,258
Sample;1017;2;1;4;TSB;0,3457;0,2678
Sample;1017;2;1;5;TSB;0,3663;0,2855
Sample;1017;2;1;6;TSB;0,3865;0,3065
Sample;1017;2;1;7;TSB;0,408;0,3291
Sample;1017;2;1;8;TSB;0,431;0,355
Sample;1017;2;1;9;TSB;0,4526;0,3728
Sample;1017;2;1;10;TSB;0,4768;0,3987
Sample;1017;2;1;11;TSB;0,4976;0,4213
Sample;1017;2;1;12;TSB;0,5153;0,4389
Sample;1017;2;1;13;TSB;0,5353;0,4577
Sample;1017;2;1;14;TSB;0,5527;0,4729
Sample;1017;2;1;15;TSB;0,5697;0,4901
Sample;1017;2;1;16;TSB;0,5898;0,5109
Sample;1017;2;1;17;TSB;0,6064;0,5311
Sample;1017;2;1;18;TSB;0,6263;0,5468
Sample;1017;2;1;19;TSB;0,6397;0,5624
Sample;1017;2;1;20;TSB;0,6572;0,5762
Sample;1017;2;1;21;TSB;0,6694;0,5908
Sample;1017;2;1;22;TSB;0,6817;0,6035
Sample;1017;2;1;23;TSB;0,6973;0,62
Sample;1017;2;1;24;TSB;0,7079;0,6294
Sample;1017;2;1;25;TSB;0,7162;0,6418
Sample;1017;2;1;26;TSB;0,7246;0,6456
Sample;1017;2;1;27;TSB;0,7317;0,6545
Sample;1017;2;1;28;TSB;0,7356;0,6592
Sample;1017;2;1;29;TSB;0,7386;0,6615
Sample;1017;2;1;30;TSB;0,7383;0,6614
Sample;1017;2;1;31;TSB;0,7339;0,659
Sample;1017;2;1;32;TSB;0,7287;0,6528
Sample;1017;2;1;33;TSB;0,7205;0,6411
Sample;1017;2;1;34;TSB;0,7127;0,6343
Sample;1017;2;1;35;TSB;0,7037;0,6267
Sample;1017;2;1;36;TSB;0,6975;0,6211
Sample;1017;2;2;0;TSB;0,1296;0,0514
Sample;1017;2;2;1;TSB;0,1299;0,0535
Sample;1017;2;2;2;TSB;0,2454;0,1652
Sample;1017;2;2;3;TSB;0,2721;0,1965
Sample;1017;2;2;4;TSB;0,2975;0,2196
Sample;1017;2;2;5;TSB;0,3191;0,2383
Sample;1017;2;2;6;TSB;0,3333;0,2533
Sample;1017;2;2;7;TSB;0,3472;0,2683
Sample;1017;2;2;8;TSB;0,3653;0,2893
Sample;1017;2;2;9;TSB;0,3857;0,3059
Sample;1017;2;2;10;TSB;0,4057;0,3276
Sample;1017;2;2;11;TSB;0,4247;0,3484
Sample;1017;2;2;12;TSB;0,4459;0,3695
Sample;1017;2;2;13;TSB;0,4619;0,3843
Sample;1017;2;2;14;TSB;0,4826;0,4028
Sample;1017;2;2;15;TSB;0,5037;0,4241
Sample;1017;2;2;16;TSB;0,5201;0,4412
Sample;1017;2;2;17;TSB;0,5391;0,4638
Sample;1017;2;2;18;TSB;0,5575;0,478
Sample;1017;2;2;19;TSB;0,5745;0,4972
Sample;1017;2;2;20;TSB;0,593;0,512
Sample;1017;2;2;21;TSB;0,6057;0,5271
Sample;1017;2;2;22;TSB;0,6225;0,5443
Sample;1017;2;2;23;TSB;0,6356;0,5583
Sample;1017;2;2;24;TSB;0,6533;0,5748
Sample;1017;2;2;25;TSB;0,666;0,5916
Sample;1017;2;2;26;TSB;0,6765;0,5975
Sample;1017;2;2;27;TSB;0,6867;0,6095
Sample;1017;2;2;28;TSB;0,6957;0,6193
Sample;1017;2;2;29;TSB;0,7013;0,6242
Sample;1017;2;2;30;TSB;0,7113;0,6344
Sample;1017;2;2;31;TSB;0,7091;0,6342
Sample;1017;2;2;32;TSB;0,7081;0,6322
Sample;1017;2;2;33;TSB;0,7049;0,6255
Sample;1017;2;2;34;TSB;0,6992;0,6208
Sample;1017;2;2;35;TSB;0,6929;0,6159
Sample;1017;2;2;36;TSB;0,6857;0,6093
Sample;1017;2;3;0;TSB;0,1319;0,0537
Sample;1017;2;3;1;TSB;0,1793;0,103
Sample;1017;2;3;2;TSB;0,2324;0,1522
Sample;1017;2;3;3;TSB;0,2106;0,135
Sample;1017;2;3;4;TSB;0,2493;0,1714
Sample;1017;2;3;5;TSB;0,2719;0,1911
Sample;1017;2;3;6;TSB;0,2801;0,2001
Sample;1017;2;3;7;TSB;0,2864;0,2075
Sample;1017;2;3;8;TSB;0,2996;0,2236
Sample;1017;2;3;9;TSB;0,3188;0,239
Sample;1017;2;3;10;TSB;0,3346;0,2565
Sample;1017;2;3;11;TSB;0,3518;0,2755
Sample;1017;2;3;12;TSB;0,3765;0,3001
Sample;1017;2;3;13;TSB;0,3885;0,3109
Sample;1017;2;3;14;TSB;0,4125;0,3327
Sample;1017;2;3;15;TSB;0,4377;0,3581
Sample;1017;2;3;16;TSB;0,4504;0,3715
Sample;1017;2;3;17;TSB;0,4718;0,3965
Sample;1017;2;3;18;TSB;0,4887;0,4092
Sample;1017;2;3;19;TSB;0,5093;0,432
Sample;1017;2;3;20;TSB;0,5288;0,4478
Sample;1017;2;3;21;TSB;0,542;0,4634
Sample;1017;2;3;22;TSB;0,5633;0,4851
Sample;1017;2;3;23;TSB;0,5739;0,4966
Sample;1017;2;3;24;TSB;0,5987;0,5202
Sample;1017;2;3;25;TSB;0,6158;0,5414
Sample;1017;2;3;26;TSB;0,6284;0,5494
Sample;1017;2;3;27;TSB;0,6417;0,5645
Sample;1017;2;3;28;TSB;0,6558;0,5794
Sample;1017;2;3;29;TSB;0,664;0,5869
Sample;1017;2;3;30;TSB;0,6843;0,6074
Sample;1017;2;3;31;TSB;0,6843;0,6094
Sample;1017;2;3;32;TSB;0,6875;0,6116
Sample;1017;2;3;33;TSB;0,6893;0,6099
Sample;1017;2;3;34;TSB;0,6857;0,6073
Sample;1017;2;3;35;TSB;0,6821;0,6051
Sample;1017;2;3;36;TSB;0,6739;0,5975
Sample;1017;3;1;0;TSB;0,1316;0,0535
Sample;1017;3;1;1;TSB;0,1844;0,108
Sample;1017;3;1;2;TSB;0,2427;0,1626
Sample;1017;3;1;3;TSB;0,2059;0,1304
Sample;1017;3;1;4;TSB;0,2484;0,1706
Sample;1017;3;1;5;TSB;0,2772;0,1964
Sample;1017;3;1;6;TSB;0,2879;0,2079
Sample;1017;3;1;7;TSB;0,2969;0,218
Sample;1017;3;1;8;TSB;0,3113;0,2354
Sample;1017;3;1;9;TSB;0,3307;0,251
Sample;1017;3;1;10;TSB;0,3486;0,2706
Sample;1017;3;1;11;TSB;0,3667;0,2904
Sample;1017;3;1;12;TSB;0,3913;0,3149
Sample;1017;3;1;13;TSB;0,4041;0,3265
Sample;1017;3;1;14;TSB;0,4275;0,3478
Sample;1017;3;1;15;TSB;0,4537;0,3741
Sample;1017;3;1;16;TSB;0,4682;0,3894
Sample;1017;3;1;17;TSB;0,4885;0,4133
Sample;1017;3;1;18;TSB;0,5082;0,4287
Sample;1017;3;1;19;TSB;0,5261;0,4489
Sample;1017;3;1;20;TSB;0,5461;0,4652
Sample;1017;3;1;21;TSB;0,558;0,4795
Sample;1017;3;1;22;TSB;0,5781;0,5
Sample;1017;3;1;23;TSB;0,5895;0,5123
Sample;1017;3;1;24;TSB;0,6118;0,5333
Sample;1017;3;1;25;TSB;0,6261;0,5518
Sample;1017;3;1;26;TSB;0,637;0,5581
Sample;1017;3;1;27;TSB;0,6497;0,5726
Sample;1017;3;1;28;TSB;0,6622;0,5859
Sample;1017;3;1;29;TSB;0,67;0,5929
Sample;1017;3;1;30;TSB;0,6873;0,6105
Sample;1017;3;1;31;TSB;0,6866;0,6118
Sample;1017;3;1;32;TSB;0,6894;0,6136
Sample;1017;3;1;33;TSB;0,6892;0,6098
Sample;1017;3;1;34;TSB;0,6853;0,6069
Sample;1017;3;1;35;TSB;0,6803;0,6034
Sample;1017;3;1;36;TSB;0,6732;0,5969
Sample;1017;3;2;0;TSB;0,126;0,0479
Sample;1017;3;2;1;TSB;0,1922;0,1159
Sample;1017;3;2;2;TSB;0,1866;0,1065
Sample;1017;3;2;3;TSB;0,431;0,3555
Sample;1017;3;2;4;TSB;0,3991;0,3213
Sample;1017;3;2;5;TSB;0,389;0,3082
Sample;1017;3;2;6;TSB;0,3977;0,3177
Sample;1017;3;2;7;TSB;0,4122;0,3333
Sample;1017;3;2;8;TSB;0,4333;0,3574
Sample;1017;3;2;9;TSB;0,4513;0,3716
Sample;1017;3;2;10;TSB;0,4635;0,3855
Sample;1017;3;2;11;TSB;0,4837;0,4074
Sample;1017;3;2;12;TSB;0,4837;0,4073
Sample;1017;3;2;13;TSB;0,4849;0,4073
Sample;1017;3;2;14;TSB;0,4846;0,4049
Sample;1017;3;2;15;TSB;0,4711;0,3915
Sample;1017;3;2;16;TSB;0,4785;0,3997
Sample;1017;3;2;17;TSB;0,4806;0,4054
Sample;1017;3;2;18;TSB;0,4903;0,4108
Sample;1017;3;2;19;TSB;0,5135;0,4363
Sample;1017;3;2;20;TSB;0,5322;0,4513
Sample;1017;3;2;21;TSB;0,5485;0,47
Sample;1017;3;2;22;TSB;0,5648;0,4867
Sample;1017;3;2;23;TSB;0,5833;0,5061
Sample;1017;3;2;24;TSB;0,6013;0,5228
Sample;1017;3;2;25;TSB;0,6192;0,5449
Sample;1017;3;2;26;TSB;0,6367;0,5578
Sample;1017;3;2;27;TSB;0,6422;0,5651
Sample;1017;3;2;28;TSB;0,6465;0,5702
Sample;1017;3;2;29;TSB;0,6446;0,5675
Sample;1017;3;2;30;TSB;0,6438;0,567
Sample;1017;3;2;31;TSB;0,6298;0,555
Sample;1017;3;2;32;TSB;0,6117;0,5359
Sample;1017;3;2;33;TSB;0,5983;0,5189
Sample;1017;3;2;34;TSB;0,5801;0,5017
Sample;1017;3;2;35;TSB;0,5683;0,4914
Sample;1017;3;2;36;TSB;0,5573;0,481
Sample;1017;3;3;0;TSB;0,1263;0,0481
Sample;1017;3;3;1;TSB;0,1814;0,105
Sample;1017;3;3;2;TSB;0,2041;0,1239
Sample;1017;3;3;3;TSB;0,4126;0,337
Sample;1017;3;3;4;TSB;0,39;0,3121
Sample;1017;3;3;5;TSB;0,3849;0,3041
Sample;1017;3;3;6;TSB;0,3963;0,3163
Sample;1017;3;3;7;TSB;0,4121;0,3332
Sample;1017;3;3;8;TSB;0,4337;0,3577
Sample;1017;3;3;9;TSB;0,4529;0,3731
Sample;1017;3;3;10;TSB;0,4681;0,39
Sample;1017;3;3;11;TSB;0,4881;0,4118
Sample;1017;3;3;12;TSB;0,4934;0,417
Sample;1017;3;3;13;TSB;0,5009;0,4233
Sample;1017;3;3;14;TSB;0,5064;0,4266
Sample;1017;3;3;15;TSB;0,5016;0,422
Sample;1017;3;3;16;TSB;0,5124;0,4335
Sample;1017;3;3;17;TSB;0,5198;0,4445
Sample;1017;3;3;18;TSB;0,5308;0,4513
Sample;1017;3;3;19;TSB;0,5524;0,4751
Sample;1017;3;3;20;TSB;0,5701;0,4891
Sample;1017;3;3;21;TSB;0,5861;0,5075
Sample;1017;3;3;22;TSB;0,6013;0,5231
Sample;1017;3;3;23;TSB;0,6186;0,5413
Sample;1017;3;3;24;TSB;0,635;0,5565
Sample;1017;3;3;25;TSB;0,6513;0,5769
Sample;1017;3;3;26;TSB;0,6668;0,5878
Sample;1017;3;3;27;TSB;0,6728;0,5956
Sample;1017;3;3;28;TSB;0,6775;0,6011
Sample;1017;3;3;29;TSB;0,6771;0,6
Sample;1017;3;3;30;TSB;0,6772;0,6003
Sample;1017;3;3;31;TSB;0,6667;0,5918
Sample;1017;3;3;32;TSB;0,6526;0,5767
Sample;1017;3;3;33;TSB;0,6417;0,5623
Sample;1017;3;3;34;TSB;0,6269;0,5485
Sample;1017;3;3;35;TSB;0,6167;0,5397
Sample;1017;3;3;36;TSB;0,6066;0,5302
Sample;1013;1;1;0;TSB;0,1326;0,0544
Sample;1013;1;1;1;TSB;0,1332;0,0568
Sample;1013;1;1;2;TSB;0,2585;0,1784
Sample;1013;1;1;3;TSB;0,3717;0,2961
Sample;1013;1;1;4;TSB;0,3253;0,2475
Sample;1013;1;1;5;TSB;0,3542;0,2734
Sample;1013;1;1;6;TSB;0,3783;0,2983
Sample;1013;1;1;7;TSB;0,4105;0,3316
Sample;1013;1;1;8;TSB;0,4371;0,3612
Sample;1013;1;1;9;TSB;0,4757;0,3959
Sample;1013;1;1;10;TSB;0,4886;0,4105
Sample;1013;1;1;11;TSB;0,5119;0,4356
Sample;1013;1;1;12;TSB;0,5299;0,4535
Sample;1013;1;1;13;TSB;0,5465;0,4689
Sample;1013;1;1;14;TSB;0,5665;0,4867
Sample;1013;1;1;15;TSB;0,5741;0,4945
Sample;1013;1;1;16;TSB;0,5911;0,5123
Sample;1013;1;1;17;TSB;0,6089;0,5336
Sample;1013;1;1;18;TSB;0,6189;0,5394
Sample;1013;1;1;19;TSB;0,6321;0,5548
Sample;1013;1;1;20;TSB;0,6461;0,5651
Sample;1013;1;1;21;TSB;0,6575;0,579
Sample;1013;1;1;22;TSB;0,6706;0,5925
Sample;1013;1;1;23;TSB;0,6776;0,6003
Sample;1013;1;1;24;TSB;0,6951;0,6166
Sample;1013;1;1;25;TSB;0,71;0,6357
Sample;1013;1;1;26;TSB;0,7208;0,6419
Sample;1013;1;1;27;TSB;0,7349;0,6578
Sample;1013;1;1;28;TSB;0,7468;0,6704
Sample;1013;1;1;29;TSB;0,7588;0,6817
Sample;1013;1;1;30;TSB;0,7545;0,6776
Sample;1013;1;1;31;TSB;0,7565;0,6816
Sample;1013;1;1;32;TSB;0,7597;0,6838
Sample;1013;1;1;33;TSB;0,7525;0,6731
Sample;1013;1;1;34;TSB;0,7575;0,6791
Sample;1013;1;1;35;TSB;0,7504;0,6734
Sample;1013;1;1;36;TSB;0,7404;0,6641
Sample;1013;1;2;0;TSB;0,1302;0,052
Sample;1013;1;2;1;TSB;0,1325;0,0561
Sample;1013;1;2;2;TSB;0,2277;0,1475
Sample;1013;1;2;3;TSB;0,3445;0,2689
Sample;1013;1;2;4;TSB;0,3423;0,2644
Sample;1013;1;2;5;TSB;0,3703;0,2895
Sample;1013;1;2;6;TSB;0,3969;0,3169
Sample;1013;1;2;7;TSB;0,4282;0,3493
Sample;1013;1;2;8;TSB;0,454;0,378
Sample;1013;1;2;9;TSB;0,4874;0,4076
Sample;1013;1;2;10;TSB;0,504;0,4259
Sample;1013;1;2;11;TSB;0,5267;0,4504
Sample;1013;1;2;12;TSB;0,5461;0,4697
Sample;1013;1;2;13;TSB;0,564;0,4864
Sample;1013;1;2;14;TSB;0,5817;0,5019
Sample;1013;1;2;15;TSB;0,593;0,5134
Sample;1013;1;2;16;TSB;0,6085;0,5296
Sample;1013;1;2;17;TSB;0,6252;0,5499
Sample;1013;1;2;18;TSB;0,6364;0,5569
Sample;1013;1;2;19;TSB;0,6485;0,5712
Sample;1013;1;2;20;TSB;0,6608;0,5798
Sample;1013;1;2;21;TSB;0,6715;0,5929
Sample;1013;1;2;22;TSB;0,6839;0,6057
Sample;1013;1;2;23;TSB;0,6932;0,6159
Sample;1013;1;2;24;TSB;0,7073;0,6288
Sample;1013;1;2;25;TSB;0,7209;0,6465
Sample;1013;1;2;26;TSB;0,7318;0,6528
Sample;1013;1;2;27;TSB;0,7437;0,6665
Sample;1013;1;2;28;TSB;0,7541;0,6777
Sample;1013;1;2;29;TSB;0,7622;0,6851
Sample;1013;1;2;30;TSB;0,7628;0,6859
Sample;1013;1;2;31;TSB;0,7647;0,6898
Sample;1013;1;2;32;TSB;0,767;0,6911
Sample;1013;1;2;33;TSB;0,7624;0,683
Sample;1013;1;2;34;TSB;0,7649;0,6865
Sample;1013;1;2;35;TSB;0,7594;0,6824
Sample;1013;1;2;36;TSB;0,752;0,6756
Sample;1013;1;3;0;TSB;0,1314;0,0532
Sample;1013;1;3;1;TSB;0,1321;0,0557
Sample;1013;1;3;2;TSB;0,2383;0,1581
Sample;1013;1;3;3;TSB;0,3574;0,2818
Sample;1013;1;3;4;TSB;0,3423;0,2644
Sample;1013;1;3;5;TSB;0,3718;0,291
Sample;1013;1;3;6;TSB;0,3981;0,3181
Sample;1013;1;3;7;TSB;0,4309;0,352
Sample;1013;1;3;8;TSB;0,4574;0,3814
Sample;1013;1;3;9;TSB;0,4936;0,4138
Sample;1013;1;3;10;TSB;0,5088;0,4307
Sample;1013;1;3;11;TSB;0,5315;0,4552
Sample;1013;1;3;12;TSB;0,5506;0,4742
Sample;1013;1;3;13;TSB;0,5679;0,4903
Sample;1013;1;3;14;TSB;0,5862;0,5064
Sample;1013;1;3;15;TSB;0,596;0,5164
Sample;1013;1;3;16;TSB;0,6122;0,5333
Sample;1013;1;3;17;TSB;0,6292;0,5539
Sample;1013;1;3;18;TSB;0,6395;0,56
Sample;1013;1;3;19;TSB;0,6519;0,5746
Sample;1013;1;3;20;TSB;0,6651;0,5841
Sample;1013;1;3;21;TSB;0,6758;0,5972
Sample;1013;1;3;22;TSB;0,6886;0,6104
Sample;1013;1;3;23;TSB;0,6968;0,6195
Sample;1013;1;3;24;TSB;0,7123;0,6338
Sample;1013;1;3;25;TSB;0,7265;0,6521
Sample;1013;1;3;26;TSB;0,7371;0,6581
Sample;1013;1;3;27;TSB;0,7495;0,6723
Sample;1013;1;3;28;TSB;0,7602;0,6838
Sample;1013;1;3;29;TSB;0,7691;0,692
Sample;1013;1;3;30;TSB;0,7672;0,6903
Sample;1013;1;3;31;TSB;0,7683;0,6934
Sample;1013;1;3;32;TSB;0,7703;0,6944
Sample;1013;1;3;33;TSB;0,7639;0,6845
Sample;1013;1;3;34;TSB;0,7671;0,6887
Sample;1013;1;3;35;TSB;0,76;0,683
Sample;1013;1;3;36;TSB;0,7505;0,6741
Sample;1013;2;1;0;TSB;0,1326;0,0544
Sample;1013;2;1;1;TSB;0,1919;0,1156
Sample;1013;2;1;2;TSB;0,2569;0,1767
Sample;1013;2;1;3;TSB;0,3716;0,296
Sample;1013;2;1;4;TSB;0,3201;0,2422
Sample;1013;2;1;5;TSB;0,3557;0,2749
Sample;1013;2;1;6;TSB;0,3787;0,2987
Sample;1013;2;1;7;TSB;0,412;0,3331
Sample;1013;2;1;8;TSB;0,4388;0,3628
Sample;1013;2;1;9;TSB;0,4768;0,397
Sample;1013;2;1;10;TSB;0,4893;0,4112
Sample;1013;2;1;11;TSB;0,5131;0,4368
Sample;1013;2;1;12;TSB;0,5309;0,4545
Sample;1013;2;1;13;TSB;0,5469;0,4693
Sample;1013;2;1;14;TSB;0,566;0,4862
Sample;1013;2;1;15;TSB;0,5749;0,4953
Sample;1013;2;1;16;TSB;0,5909;0,512
Sample;1013;2;1;17;TSB;0,6103;0,535
Sample;1013;2;1;18;TSB;0,6196;0,5401
Sample;1013;2;1;19;TSB;0,6318;0,5545
Sample;1013;2;1;20;TSB;0,6465;0,5655
Sample;1013;2;1;21;TSB;0,6581;0,5795
Sample;1013;2;1;22;TSB;0,6706;0,5924
Sample;1013;2;1;23;TSB;0,676;0,5987
Sample;1013;2;1;24;TSB;0,695;0,6165
Sample;1013;2;1;25;TSB;0,7101;0,6357
Sample;1013;2;1;26;TSB;0,7217;0,6427
Sample;1013;2;1;27;TSB;0,7364;0,6592
Sample;1013;2;1;28;TSB;0,7484;0,672
Sample;1013;2;1;29;TSB;0,7602;0,6831
Sample;1013;2;1;30;TSB;0,7546;0,6777
Sample;1013;2;1;31;TSB;0,7577;0,6828
Sample;1013;2;1;32;TSB;0,7594;0,6835
Sample;1013;2;1;33;TSB;0,7526;0,6732
Sample;1013;2;1;34;TSB;0,7582;0,6798
Sample;1013;2;1;35;TSB;0,7502;0,6732
Sample;1013;2;1;36;TSB;0,7385;0,6621
Sample;1013;2;2;0;TSB;0,1277;0,0496
Sample;1013;2;2;1;TSB;0,1383;0,062
Sample;1013;2;2;2;TSB;0,1905;0,1104
Sample;1013;2;2;3;TSB;0,3159;0,2404
Sample;1013;2;2;4;TSB;0,3866;0,3088
Sample;1013;2;2;5;TSB;0,4025;0,3217
Sample;1013;2;2;6;TSB;0,4357;0,3557
Sample;1013;2;2;7;TSB;0,4659;0,387
Sample;1013;2;2;8;TSB;0,4912;0,4153
Sample;1013;2;2;9;TSB;0,5208;0,4411
Sample;1013;2;2;10;TSB;0,543;0,465
Sample;1013;2;2;11;TSB;0,5634;0,4871
Sample;1013;2;2;12;TSB;0,5856;0,5092
Sample;1013;2;2;13;TSB;0,6059;0,5283
Sample;1013;2;2;14;TSB;0,622;0,5423
Sample;1013;2;2;15;TSB;0,6352;0,5556
Sample;1013;2;2;16;TSB;0,651;0,5722
Sample;1013;2;2;17;TSB;0,6629;0,5877
Sample;1013;2;2;18;TSB;0,6761;0,5966
Sample;1013;2;2;19;TSB;0,6887;0,6115
Sample;1013;2;2;20;TSB;0,698;0,6171
Sample;1013;2;2;21;TSB;0,7069;0,6284
Sample;1013;2;2;22;TSB;0,7198;0,6417
Sample;1013;2;2;23;TSB;0,7349;0,6577
Sample;1013;2;2;24;TSB;0,7419;0,6634
Sample;1013;2;2;25;TSB;0,7536;0,6793
Sample;1013;2;2;26;TSB;0,7626;0,6837
Sample;1013;2;2;27;TSB;0,7698;0,6927
Sample;1013;2;2;28;TSB;0,7777;0,7014
Sample;1013;2;2;29;TSB;0,7799;0,7028
Sample;1013;2;2;30;TSB;0,788;0,7112
Sample;1013;2;2;31;TSB;0,786;0,7112
Sample;1013;2;2;32;TSB;0,7889;0,7131
Sample;1013;2;2;33;TSB;0,785;0,7056
Sample;1013;2;2;34;TSB;0,7826;0,7042
Sample;1013;2;2;35;TSB;0,7789;0,702
Sample;1013;2;2;36;TSB;0,776;0,6997
Sample;1013;2;3;0;TSB;0,1274;0,0492
Sample;1013;2;3;1;TSB;0,1271;0,0507
Sample;1013;2;3;2;TSB;0,1878;0,1076
Sample;1013;2;3;3;TSB;0,3132;0,2376
Sample;1013;2;3;4;TSB;0,3625;0,2846
Sample;1013;2;3;5;TSB;0,3971;0,3163
Sample;1013;2;3;6;TSB;0,426;0,346
Sample;1013;2;3;7;TSB;0,4582;0,3793
Sample;1013;2;3;8;TSB;0,4835;0,4075
Sample;1013;2;3;9;TSB;0,5106;0,4308
Sample;1013;2;3;10;TSB;0,5313;0,4532
Sample;1013;2;3;11;TSB;0,5537;0,4774
Sample;1013;2;3;12;TSB;0,5748;0,4984
Sample;1013;2;3;13;TSB;0,5934;0,5158
Sample;1013;2;3;14;TSB;0,6071;0,5273
Sample;1013;2;3;15;TSB;0,6243;0,5447
Sample;1013;2;3;16;TSB;0,6371;0,5582
Sample;1013;2;3;17;TSB;0,654;0,5787
Sample;1013;2;3;18;TSB;0,6655;0,586
Sample;1013;2;3;19;TSB;0,6754;0,5981
Sample;1013;2;3;20;TSB;0,6863;0,6053
Sample;1013;2;3;21;TSB;0,6963;0,6177
Sample;1013;2;3;22;TSB;0,7073;0,6291
Sample;1013;2;3;23;TSB;0,7176;0,6403
Sample;1013;2;3;24;TSB;0,7292;0,6507
Sample;1013;2;3;25;TSB;0,7414;0,667
Sample;1013;2;3;26;TSB;0,7532;0,6742
Sample;1013;2;3;27;TSB;0,7627;0,6855
Sample;1013;2;3;28;TSB;0,7711;0,6947
Sample;1013;2;3;29;TSB;0,7739;0,6968
Sample;1013;2;3;30;TSB;0,7787;0,7018
Sample;1013;2;3;31;TSB;0,7808;0,7059
Sample;1013;2;3;32;TSB;0,7802;0,7043
Sample;1013;2;3;33;TSB;0,7783;0,6989
Sample;1013;2;3;34;TSB;0,7783;0,6999
Sample;1013;2;3;35;TSB;0,7731;0,6961
Sample;1013;2;3;36;TSB;0,7664;0,69
Sample;1013;3;1;0;TSB;0,1242;0,0461
Sample;1013;3;1;1;TSB;0,1625;0,0861
Sample;1013;3;1;2;TSB;0,2407;0,1606
Sample;1013;3;1;3;TSB;0,2762;0,2007
Sample;1013;3;1;4;TSB;0,4591;0,3813
Sample;1013;3;1;5;TSB;0,5179;0,4371
Sample;1013;3;1;6;TSB;0,5576;0,4776
Sample;1013;3;1;7;TSB;0,6012;0,5223
Sample;1013;3;1;8;TSB;0,6301;0,5542
Sample;1013;3;1;9;TSB;0,6518;0,5721
Sample;1013;3;1;10;TSB;0,6803;0,6023
Sample;1013;3;1;11;TSB;0,7009;0,6246
Sample;1013;3;1;12;TSB;0,727;0,6506
Sample;1013;3;1;13;TSB;0,746;0,6684
Sample;1013;3;1;14;TSB;0,7489;0,6692
Sample;1013;3;1;15;TSB;0,7767;0,6971
Sample;1013;3;1;16;TSB;0,7857;0,7069
Sample;1013;3;1;17;TSB;0,8016;0,7264
Sample;1013;3;1;18;TSB;0,8099;0,7304
Sample;1013;3;1;19;TSB;0,8148;0,7376
Sample;1013;3;1;20;TSB;0,8245;0,7436
Sample;1013;3;1;21;TSB;0,8315;0,753
Sample;1013;3;1;22;TSB;0,8405;0,7624
Sample;1013;3;1;23;TSB;0,851;0,7738
Sample;1013;3;1;24;TSB;0,8586;0,7801
Sample;1013;3;1;25;TSB;0,8686;0,7943
Sample;1013;3;1;26;TSB;0,8812;0,8023
Sample;1013;3;1;27;TSB;0,8827;0,8056
Sample;1013;3;1;28;TSB;0,8847;0,8084
Sample;1013;3;1;29;TSB;0,8705;0,7934
Sample;1013;3;1;30;TSB;0,8787;0,8019
Sample;1013;3;1;31;TSB;0,873;0,7982
Sample;1013;3;1;32;TSB;0,861;0,7852
Sample;1013;3;1;33;TSB;0,8561;0,7767
Sample;1013;3;1;34;TSB;0,8499;0,7715
Sample;1013;3;1;35;TSB;0,8355;0,7586
Sample;1013;3;1;36;TSB;0,8204;0,7441
Sample;1013;3;2;0;TSB;0,1243;0,0461
Sample;1013;3;2;1;TSB;0,1627;0,0863
Sample;1013;3;2;2;TSB;0,2412;0,1611
Sample;1013;3;2;3;TSB;0,2769;0,2013
Sample;1013;3;2;4;TSB;0,44;0,3621
Sample;1013;3;2;5;TSB;0,4887;0,4079
Sample;1013;3;2;6;TSB;0,5267;0,4467
Sample;1013;3;2;7;TSB;0,5662;0,4873
Sample;1013;3;2;8;TSB;0,5937;0,5177
Sample;1013;3;2;9;TSB;0,6153;0,5355
Sample;1013;3;2;10;TSB;0,6431;0,565
Sample;1013;3;2;11;TSB;0,6637;0,5874
Sample;1013;3;2;12;TSB;0,6891;0,6127
Sample;1013;3;2;13;TSB;0,7086;0,631
Sample;1013;3;2;14;TSB;0,7142;0,6344
Sample;1013;3;2;15;TSB;0,7398;0,6602
Sample;1013;3;2;16;TSB;0,7497;0,6708
Sample;1013;3;2;17;TSB;0,7648;0,6895
Sample;1013;3;2;18;TSB;0,7748;0,6953
Sample;1013;3;2;19;TSB;0,7811;0,7038
Sample;1013;3;2;20;TSB;0,7903;0,7093
Sample;1013;3;2;21;TSB;0,7978;0,7192
Sample;1013;3;2;22;TSB;0,8073;0,7291
Sample;1013;3;2;23;TSB;0,8193;0,742
Sample;1013;3;2;24;TSB;0,8262;0,7477
Sample;1013;3;2;25;TSB;0,8362;0,7618
Sample;1013;3;2;26;TSB;0,8483;0,7693
Sample;1013;3;2;27;TSB;0,851;0,7738
Sample;1013;3;2;28;TSB;0,8543;0,7779
Sample;1013;3;2;29;TSB;0,8436;0,7665
Sample;1013;3;2;30;TSB;0,8531;0,7762
Sample;1013;3;2;31;TSB;0,8492;0,7743
Sample;1013;3;2;32;TSB;0,8408;0,7649
Sample;1013;3;2;33;TSB;0,8375;0,7581
Sample;1013;3;2;34;TSB;0,8319;0,7535
Sample;1013;3;2;35;TSB;0,8211;0,7441
Sample;1013;3;2;36;TSB;0,8101;0,7337
Sample;1013;3;3;0;TSB;0,1232;0,045
Sample;1013;3;3;1;TSB;0,1587;0,0823
Sample;1013;3;3;2;TSB;0,2318;0,1517
Sample;1013;3;3;3;TSB;0,2646;0,189
Sample;1013;3;3;4;TSB;0,4534;0,3755
Sample;1013;3;3;5;TSB;0,5039;0,4231
Sample;1013;3;3;6;TSB;0,5435;0,4635
Sample;1013;3;3;7;TSB;0,5837;0,5048
Sample;1013;3;3;8;TSB;0,6112;0,5352
Sample;1013;3;3;9;TSB;0,6305;0,5507
Sample;1013;3;3;10;TSB;0,6603;0,5822
Sample;1013;3;3;11;TSB;0,6806;0,6043
Sample;1013;3;3;12;TSB;0,7068;0,6304
Sample;1013;3;3;13;TSB;0,7268;0,6492
Sample;1013;3;3;14;TSB;0,7307;0,6509
Sample;1013;3;3;15;TSB;0,7584;0,6788
Sample;1013;3;3;16;TSB;0,7675;0,6886
Sample;1013;3;3;17;TSB;0,7822;0,7069
Sample;1013;3;3;18;TSB;0,7923;0,7128
Sample;1013;3;3;19;TSB;0,7979;0,7206
Sample;1013;3;3;20;TSB;0,8063;0,7253
Sample;1013;3;3;21;TSB;0,8134;0,7348
Sample;1013;3;3;22;TSB;0,8225;0,7443
Sample;1013;3;3;23;TSB;0,8353;0,758
Sample;1013;3;3;24;TSB;0,8407;0,7622
Sample;1013;3;3;25;TSB;0,8501;0,7757
Sample;1013;3;3;26;TSB;0,8623;0,7833
Sample;1013;3;3;27;TSB;0,8636;0,7864
Sample;1013;3;3;28;TSB;0,8658;0,7894
Sample;1013;3;3;29;TSB;0,8525;0,7754
Sample;1013;3;3;30;TSB;0,864;0,7871
Sample;1013;3;3;31;TSB;0,8594;0,7845
Sample;1013;3;3;32;TSB;0,8497;0,7738
Sample;1013;3;3;33;TSB;0,8471;0,7677
Sample;1013;3;3;34;TSB;0,8401;0,7617
Sample;1013;3;3;35;TSB;0,8292;0,7522
Sample;1013;3;3;36;TSB;0,8184;0,742
Sample;1015;1;1;0;TSB;0,1233;0,0452
Sample;1015;1;1;1;TSB;0,1389;0,0626
Sample;1015;1;1;2;TSB;0,1586;0,0785
Sample;1015;1;1;3;TSB;0,2234;0,1479
Sample;1015;1;1;4;TSB;0,3364;0,2586
Sample;1015;1;1;5;TSB;0,347;0,2662
Sample;1015;1;1;6;TSB;0,3841;0,3041
Sample;1015;1;1;7;TSB;0,4088;0,3299
Sample;1015;1;1;8;TSB;0,4276;0,3517
Sample;1015;1;1;9;TSB;0,445;0,3653
Sample;1015;1;1;10;TSB;0,4651;0,3871
Sample;1015;1;1;11;TSB;0,4796;0,4033
Sample;1015;1;1;12;TSB;0,4979;0,4215
Sample;1015;1;1;13;TSB;0,5106;0,433
Sample;1015;1;1;14;TSB;0,5295;0,4498
Sample;1015;1;1;15;TSB;0,5459;0,4663
Sample;1015;1;1;16;TSB;0,5587;0,4799
Sample;1015;1;1;17;TSB;0,5712;0,496
Sample;1015;1;1;18;TSB;0,5821;0,5026
Sample;1015;1;1;19;TSB;0,5939;0,5167
Sample;1015;1;1;20;TSB;0,6008;0,5199
Sample;1015;1;1;21;TSB;0,6107;0,5322
Sample;1015;1;1;22;TSB;0,6202;0,5421
Sample;1015;1;1;23;TSB;0,6298;0,5526
Sample;1015;1;1;24;TSB;0,6343;0,5558
Sample;1015;1;1;25;TSB;0,6431;0,5688
Sample;1015;1;1;26;TSB;0,6493;0,5704
Sample;1015;1;1;27;TSB;0,6552;0,5781
Sample;1015;1;1;28;TSB;0,6624;0,5861
Sample;1015;1;1;29;TSB;0,6668;0,5897
Sample;1015;1;1;30;TSB;0,6673;0,5905
Sample;1015;1;1;31;TSB;0,6688;0,594
Sample;1015;1;1;32;TSB;0,6695;0,5937
Sample;1015;1;1;33;TSB;0,668;0,5886
Sample;1015;1;1;34;TSB;0,6636;0,5852
Sample;1015;1;1;35;TSB;0,6597;0,5828
Sample;1015;1;1;36;TSB;0,6548;0,5785
Sample;1015;1;2;0;TSB;0,1237;0,0455
Sample;1015;1;2;1;TSB;0,1418;0,0654
Sample;1015;1;2;2;TSB;0,16;0,0799
Sample;1015;1;2;3;TSB;0,2208;0,1452
Sample;1015;1;2;4;TSB;0,3711;0,2933
Sample;1015;1;2;5;TSB;0,4142;0,3334
Sample;1015;1;2;6;TSB;0,431;0,351
Sample;1015;1;2;7;TSB;0,4568;0,3779
Sample;1015;1;2;8;TSB;0,4822;0,4063
Sample;1015;1;2;9;TSB;0,5065;0,4267
Sample;1015;1;2;10;TSB;0,5304;0,4523
Sample;1015;1;2;11;TSB;0,5514;0,4751
Sample;1015;1;2;12;TSB;0,5665;0,4901
Sample;1015;1;2;13;TSB;0,5842;0,5066
Sample;1015;1;2;14;TSB;0,6;0,5202
Sample;1015;1;2;15;TSB;0,616;0,5364
Sample;1015;1;2;16;TSB;0,6327;0,5539
Sample;1015;1;2;17;TSB;0,6431;0,5678
Sample;1015;1;2;18;TSB;0,6537;0,5742
Sample;1015;1;2;19;TSB;0,6661;0,5888
Sample;1015;1;2;20;TSB;0,6737;0,5927
Sample;1015;1;2;21;TSB;0,6801;0,6016
Sample;1015;1;2;22;TSB;0,6901;0,612
Sample;1015;1;2;23;TSB;0,6947;0,6174
Sample;1015;1;2;24;TSB;0,7061;0,6276
Sample;1015;1;2;25;TSB;0,7117;0,6374
Sample;1015;1;2;26;TSB;0,7198;0,6409
Sample;1015;1;2;27;TSB;0,7255;0,6484
Sample;1015;1;2;28;TSB;0,7289;0,6525
Sample;1015;1;2;29;TSB;0,7306;0,6535
Sample;1015;1;2;30;TSB;0,7334;0,6565
Sample;1015;1;2;31;TSB;0,7337;0,6588
Sample;1015;1;2;32;TSB;0,7311;0,6552
Sample;1015;1;2;33;TSB;0,7253;0,6459
Sample;1015;1;2;34;TSB;0,7181;0,6397
Sample;1015;1;2;35;TSB;0,7076;0,6306
Sample;1015;1;2;36;TSB;0,6966;0,6203
Sample;1015;1;3;0;TSB;0,1274;0,0492
Sample;1015;1;3;1;TSB;0,1466;0,0702
Sample;1015;1;3;2;TSB;0,1666;0,0864
Sample;1015;1;3;3;TSB;0,2321;0,1565
Sample;1015;1;3;4;TSB;0,3757;0,2978
Sample;1015;1;3;5;TSB;0,4212;0,3404
Sample;1015;1;3;6;TSB;0,4295;0,3495
Sample;1015;1;3;7;TSB;0,4535;0,3746
Sample;1015;1;3;8;TSB;0,473;0,397
Sample;1015;1;3;9;TSB;0,5014;0,4216
Sample;1015;1;3;10;TSB;0,5243;0,4462
Sample;1015;1;3;11;TSB;0,5444;0,4681
Sample;1015;1;3;12;TSB;0,5598;0,4834
Sample;1015;1;3;13;TSB;0,5788;0,5012
Sample;1015;1;3;14;TSB;0,5929;0,5131
Sample;1015;1;3;15;TSB;0,6082;0,5286
Sample;1015;1;3;16;TSB;0,6226;0,5437
Sample;1015;1;3;17;TSB;0,6336;0,5583
Sample;1015;1;3;18;TSB;0,6402;0,5607
Sample;1015;1;3;19;TSB;0,6518;0,5745
Sample;1015;1;3;20;TSB;0,6604;0,5794
Sample;1015;1;3;21;TSB;0,6662;0,5876
Sample;1015;1;3;22;TSB;0,6715;0,5933
Sample;1015;1;3;23;TSB;0,6799;0,6026
Sample;1015;1;3;24;TSB;0,6885;0,61
Sample;1015;1;3;25;TSB;0,6937;0,6193
Sample;1015;1;3;26;TSB;0,6962;0,6172
Sample;1015;1;3;27;TSB;0,699;0,6218
Sample;1015;1;3;28;TSB;0,7012;0,6248
Sample;1015;1;3;29;TSB;0,7018;0,6247
Sample;1015;1;3;30;TSB;0,7024;0,6255
Sample;1015;1;3;31;TSB;0,6963;0,6214
Sample;1015;1;3;32;TSB;0,6889;0,613
Sample;1015;1;3;33;TSB;0,6799;0,6005
Sample;1015;1;3;34;TSB;0,6671;0,5887
Sample;1015;1;3;35;TSB;0,6519;0,5749
Sample;1015;1;3;36;TSB;0,6359;0,5595
Sample;1015;2;1;0;TSB;0,1287;0,0505
Sample;1015;2;1;1;TSB;0,1464;0,07
Sample;1015;2;1;2;TSB;0,1768;0,0966
Sample;1015;2;1;3;TSB;0,2508;0,1752
Sample;1015;2;1;4;TSB;0,3687;0,2908
Sample;1015;2;1;5;TSB;0,4214;0,3406
Sample;1015;2;1;6;TSB;0,4334;0,3534
Sample;1015;2;1;7;TSB;0,4531;0,3742
Sample;1015;2;1;8;TSB;0,4813;0,4053
Sample;1015;2;1;9;TSB;0,5005;0,4207
Sample;1015;2;1;10;TSB;0,524;0,4459
Sample;1015;2;1;11;TSB;0,5484;0,4721
Sample;1015;2;1;12;TSB;0,5633;0,4869
Sample;1015;2;1;13;TSB;0,5783;0,5007
Sample;1015;2;1;14;TSB;0,5951;0,5153
Sample;1015;2;1;15;TSB;0,608;0,5284
Sample;1015;2;1;16;TSB;0,6226;0,5437
Sample;1015;2;1;17;TSB;0,6344;0,5591
Sample;1015;2;1;18;TSB;0,6437;0,5642
Sample;1015;2;1;19;TSB;0,6527;0,5754
Sample;1015;2;1;20;TSB;0,6619;0,5809
Sample;1015;2;1;21;TSB;0,6678;0,5892
Sample;1015;2;1;22;TSB;0,6745;0,5963
Sample;1015;2;1;23;TSB;0,6829;0,6056
Sample;1015;2;1;24;TSB;0,6888;0,6103
Sample;1015;2;1;25;TSB;0,6974;0,623
Sample;1015;2;1;26;TSB;0,6979;0,6189
Sample;1015;2;1;27;TSB;0,7021;0,6249
Sample;1015;2;1;28;TSB;0,7039;0,6275
Sample;1015;2;1;29;TSB;0,7021;0,625
Sample;1015;2;1;30;TSB;0,7014;0,6245
Sample;1015;2;1;31;TSB;0,6991;0,6242
Sample;1015;2;1;32;TSB;0,6923;0,6164
Sample;1015;2;1;33;TSB;0,6824;0,603
Sample;1015;2;1;34;TSB;0,6687;0,5903
Sample;1015;2;1;35;TSB;0,6522;0,5752
Sample;1015;2;1;36;TSB;0,634;0,5576
Sample;1015;2;2;0;TSB;0,1279;0,0498
Sample;1015;2;2;1;TSB;0,1443;0,068
Sample;1015;2;2;2;TSB;0,1722;0,0921
Sample;1015;2;2;3;TSB;0,2424;0,1669
Sample;1015;2;2;4;TSB;0,3632;0,2854
Sample;1015;2;2;5;TSB;0,4288;0,348
Sample;1015;2;2;6;TSB;0,4332;0,3532
Sample;1015;2;2;7;TSB;0,4622;0,3833
Sample;1015;2;2;8;TSB;0,4893;0,4134
Sample;1015;2;2;9;TSB;0,5141;0,4344
Sample;1015;2;2;10;TSB;0,5369;0,4589
Sample;1015;2;2;11;TSB;0,5587;0,4824
Sample;1015;2;2;12;TSB;0,5729;0,4965
Sample;1015;2;2;13;TSB;0,591;0,5134
Sample;1015;2;2;14;TSB;0,6062;0,5265
Sample;1015;2;2;15;TSB;0,6222;0,5426
Sample;1015;2;2;16;TSB;0,6344;0,5556
Sample;1015;2;2;17;TSB;0,6458;0,5706
Sample;1015;2;2;18;TSB;0,6574;0,5779
Sample;1015;2;2;19;TSB;0,6639;0,5867
Sample;1015;2;2;20;TSB;0,6743;0,5934
Sample;1015;2;2;21;TSB;0,6805;0,602
Sample;1015;2;2;22;TSB;0,6871;0,609
Sample;1015;2;2;23;TSB;0,697;0,6198
Sample;1015;2;2;24;TSB;0,7018;0,6233
Sample;1015;2;2;25;TSB;0,7108;0,6365
Sample;1015;2;2;26;TSB;0,7123;0,6334
Sample;1015;2;2;27;TSB;0,7177;0,6406
Sample;1015;2;2;28;TSB;0,7176;0,6413
Sample;1015;2;2;29;TSB;0,7175;0,6404
Sample;1015;2;2;30;TSB;0,7164;0,6396
Sample;1015;2;2;31;TSB;0,7102;0,6354
Sample;1015;2;2;32;TSB;0,7027;0,6269
Sample;1015;2;2;33;TSB;0,6907;0,6113
Sample;1015;2;2;34;TSB;0,6763;0,5979
Sample;1015;2;2;35;TSB;0,6604;0,5835
Sample;1015;2;2;36;TSB;0,6413;0,565
Sample;1015;2;3;0;TSB;0,1272;0,049
Sample;1015;2;3;1;TSB;0,1423;0,0659
Sample;1015;2;3;2;TSB;0,1677;0,0875
Sample;1015;2;3;3;TSB;0,2341;0,1585
Sample;1015;2;3;4;TSB;0,3578;0,2799
Sample;1015;2;3;5;TSB;0,4363;0,3555
Sample;1015;2;3;6;TSB;0,4331;0,3531
Sample;1015;2;3;7;TSB;0,4714;0,3925
Sample;1015;2;3;8;TSB;0,4974;0,4214
Sample;1015;2;3;9;TSB;0,5278;0,448
Sample;1015;2;3;10;TSB;0,5499;0,4718
Sample;1015;2;3;11;TSB;0,5691;0,4928
Sample;1015;2;3;12;TSB;0,5826;0,5062
Sample;1015;2;3;13;TSB;0,6038;0,5262
Sample;1015;2;3;14;TSB;0,6174;0,5376
Sample;1015;2;3;15;TSB;0,6365;0,5569
Sample;1015;2;3;16;TSB;0,6463;0,5674
Sample;1015;2;3;17;TSB;0,6573;0,582
Sample;1015;2;3;18;TSB;0,6712;0,5917
Sample;1015;2;3;19;TSB;0,6752;0,5979
Sample;1015;2;3;20;TSB;0,6868;0,6058
Sample;1015;2;3;21;TSB;0,6933;0,6147
Sample;1015;2;3;22;TSB;0,6998;0,6216
Sample;1015;2;3;23;TSB;0,7112;0,6339
Sample;1015;2;3;24;TSB;0,7149;0,6364
Sample;1015;2;3;25;TSB;0,7243;0,6499
Sample;1015;2;3;26;TSB;0,7268;0,6478
Sample;1015;2;3;27;TSB;0,7334;0,6562
Sample;1015;2;3;28;TSB;0,7314;0,655
Sample;1015;2;3;29;TSB;0,733;0,6559
Sample;1015;2;3;30;TSB;0,7315;0,6546
Sample;1015;2;3;31;TSB;0,7214;0,6465
Sample;1015;2;3;32;TSB;0,7132;0,6373
Sample;1015;2;3;33;TSB;0,6991;0,6197
Sample;1015;2;3;34;TSB;0,684;0,6056
Sample;1015;2;3;35;TSB;0,6687;0,5917
Sample;1015;2;3;36;TSB;0,6487;0,5723
Sample;1015;3;1;0;TSB;0,1304;0,0522
Sample;1015;3;1;1;TSB;0,1466;0,0702
Sample;1015;3;1;2;TSB;0,1806;0,1005
Sample;1015;3;1;3;TSB;0,2574;0,1818
Sample;1015;3;1;4;TSB;0,362;0,2842
Sample;1015;3;1;5;TSB;0,4324;0,3516
Sample;1015;3;1;6;TSB;0,4344;0,3544
Sample;1015;3;1;7;TSB;0,4604;0,3815
Sample;1015;3;1;8;TSB;0,4889;0,413
Sample;1015;3;1;9;TSB;0,5111;0,4313
Sample;1015;3;1;10;TSB;0,5337;0,4556
Sample;1015;3;1;11;TSB;0,5572;0,4809
Sample;1015;3;1;12;TSB;0,5713;0,4949
Sample;1015;3;1;13;TSB;0,5881;0,5105
Sample;1015;3;1;14;TSB;0,6038;0,524
Sample;1015;3;1;15;TSB;0,6182;0,5386
Sample;1015;3;1;16;TSB;0,6294;0,5506
Sample;1015;3;1;17;TSB;0,6415;0,5662
Sample;1015;3;1;18;TSB;0,6524;0,5729
Sample;1015;3;1;19;TSB;0,6572;0,5799
Sample;1015;3;1;20;TSB;0,6684;0,5874
Sample;1015;3;1;21;TSB;0,6744;0,5959
Sample;1015;3;1;22;TSB;0,6793;0,6012
Sample;1015;3;1;23;TSB;0,6911;0,6138
Sample;1015;3;1;24;TSB;0,6932;0,6147
Sample;1015;3;1;25;TSB;0,7037;0,6294
Sample;1015;3;1;26;TSB;0,7014;0,6225
Sample;1015;3;1;27;TSB;0,706;0,6289
Sample;1015;3;1;28;TSB;0,7051;0,6287
Sample;1015;3;1;29;TSB;0,7033;0,6262
Sample;1015;3;1;30;TSB;0,7004;0,6235
Sample;1015;3;1;31;TSB;0,6929;0,618
Sample;1015;3;1;32;TSB;0,6833;0,6074
Sample;1015;3;1;33;TSB;0,6693;0,5899
Sample;1015;3;1;34;TSB;0,6516;0,5732
Sample;1015;3;1;35;TSB;0,6327;0,5557
Sample;1015;3;1;36;TSB;0,61;0,5337
Sample;1015;3;2;0;TSB;0,1318;0,0536
Sample;1015;3;2;1;TSB;0,1474;0,071
Sample;1015;3;2;2;TSB;0,1853;0,1051
Sample;1015;3;2;3;TSB;0,2658;0,1902
Sample;1015;3;2;4;TSB;0,359;0,2811
Sample;1015;3;2;5;TSB;0,4368;0,356
Sample;1015;3;2;6;TSB;0,4355;0,3555
Sample;1015;3;2;7;TSB;0,462;0,3831
Sample;1015;3;2;8;TSB;0,4918;0,4158
Sample;1015;3;2;9;TSB;0,5133;0,4335
Sample;1015;3;2;10;TSB;0,5357;0,4576
Sample;1015;3;2;11;TSB;0,5598;0,4835
Sample;1015;3;2;12;TSB;0,5736;0,4972
Sample;1015;3;2;13;TSB;0,5901;0,5125
Sample;1015;3;2;14;TSB;0,6059;0,5261
Sample;1015;3;2;15;TSB;0,6201;0,5405
Sample;1015;3;2;16;TSB;0,6299;0,551
Sample;1015;3;2;17;TSB;0,6424;0,5671
Sample;1015;3;2;18;TSB;0,6539;0,5744
Sample;1015;3;2;19;TSB;0,6567;0,5794
Sample;1015;3;2;20;TSB;0,6688;0,5878
Sample;1015;3;2;21;TSB;0,6747;0,5961
Sample;1015;3;2;22;TSB;0,6787;0,6005
Sample;1015;3;2;23;TSB;0,6921;0,6148
Sample;1015;3;2;24;TSB;0,6919;0,6134
Sample;1015;3;2;25;TSB;0,7038;0,6294
Sample;1015;3;2;26;TSB;0,6993;0,6203
Sample;1015;3;2;27;TSB;0,704;0,6268
Sample;1015;3;2;28;TSB;0,702;0,6256
Sample;1015;3;2;29;TSB;0,6994;0,6223
Sample;1015;3;2;30;TSB;0,6952;0,6183
Sample;1015;3;2;31;TSB;0,6862;0,6113
Sample;1015;3;2;32;TSB;0,6752;0,5993
Sample;1015;3;2;33;TSB;0,6592;0,5798
Sample;1015;3;2;34;TSB;0,6393;0,5609
Sample;1015;3;2;35;TSB;0,6186;0,5416
Sample;1015;3;2;36;TSB;0,5933;0,5169
Sample;1015;3;3;0;TSB;0,1332;0,055
Sample;1015;3;3;1;TSB;0,1481;0,0717
Sample;1015;3;3;2;TSB;0,19;0,1098
Sample;1015;3;3;3;TSB;0,2742;0,1986
Sample;1015;3;3;4;TSB;0,3559;0,278
Sample;1015;3;3;5;TSB;0,4413;0,3605
Sample;1015;3;3;6;TSB;0,4366;0,3566
Sample;1015;3;3;7;TSB;0,4636;0,3847
Sample;1015;3;3;8;TSB;0,4948;0,4188
Sample;1015;3;3;9;TSB;0,5155;0,4357
Sample;1015;3;3;10;TSB;0,5376;0,4595
Sample;1015;3;3;11;TSB;0,5624;0,4861
Sample;1015;3;3;12;TSB;0,5759;0,4995
Sample;1015;3;3;13;TSB;0,5921;0,5145
Sample;1015;3;3;14;TSB;0,608;0,5282
Sample;1015;3;3;15;TSB;0,6219;0,5423
Sample;1015;3;3;16;TSB;0,6304;0,5515
Sample;1015;3;3;17;TSB;0,6433;0,568
Sample;1015;3;3;18;TSB;0,6554;0,5759
Sample;1015;3;3;19;TSB;0,6561;0,5788
Sample;1015;3;3;20;TSB;0,6691;0,5881
Sample;1015;3;3;21;TSB;0,675;0,5964
Sample;1015;3;3;22;TSB;0,6782;0,6
Sample;1015;3;3;23;TSB;0,6931;0,6158
Sample;1015;3;3;24;TSB;0,6907;0,6122
Sample;1015;3;3;25;TSB;0,7039;0,6295
Sample;1015;3;3;26;TSB;0,6973;0,6183
Sample;1015;3;3;27;TSB;0,702;0,6248
Sample;1015;3;3;28;TSB;0,6989;0,6225
Sample;1015;3;3;29;TSB;0,6955;0,6184
Sample;1015;3;3;30;TSB;0,6901;0,6132
Sample;1015;3;3;31;TSB;0,6794;0,6045
Sample;1015;3;3;32;TSB;0,667;0,5911
Sample;1015;3;3;33;TSB;0,6491;0,5697
Sample;1015;3;3;34;TSB;0,6269;0,5485
Sample;1015;3;3;35;TSB;0,6045;0,5275
Sample;1015;3;3;36;TSB;0,5765;0,5001
Sample;1016;1;1;0;TSB;0,1264;0,0482
Sample;1016;1;1;1;TSB;0,1268;0,0505
Sample;1016;1;1;2;TSB;0,1356;0,0555
Sample;1016;1;1;3;TSB;0,1361;0,0605
Sample;1016;1;1;4;TSB;0,1407;0,0628
Sample;1016;1;1;5;TSB;0,1753;0,0945
Sample;1016;1;1;6;TSB;0,2001;0,1201
Sample;1016;1;1;7;TSB;0,2254;0,1465
Sample;1016;1;1;8;TSB;0,2421;0,1661
Sample;1016;1;1;9;TSB;0,2677;0,1879
Sample;1016;1;1;10;TSB;0,291;0,2129
Sample;1016;1;1;11;TSB;0,318;0,2417
Sample;1016;1;1;12;TSB;0,345;0,2686
Sample;1016;1;1;13;TSB;0,3753;0,2977
Sample;1016;1;1;14;TSB;0,4015;0,3217
Sample;1016;1;1;15;TSB;0,4365;0,3569
Sample;1016;1;1;16;TSB;0,4675;0,3886
Sample;1016;1;1;17;TSB;0,4909;0,4156
Sample;1016;1;1;18;TSB;0,5044;0,4249
Sample;1016;1;1;19;TSB;0,5188;0,4415
Sample;1016;1;1;20;TSB;0,5021;0,4211
Sample;1016;1;1;21;TSB;0,4833;0,4047
Sample;1016;1;1;22;TSB;0,4955;0,4173
Sample;1016;1;1;23;TSB;0,5091;0,4318
Sample;1016;1;1;24;TSB;0,5557;0,4772
Sample;1016;1;1;25;TSB;0,5975;0,5231
Sample;1016;1;1;26;TSB;0,623;0,544
Sample;1016;1;1;27;TSB;0,6431;0,5659
Sample;1016;1;1;28;TSB;0,659;0,5826
Sample;1016;1;1;29;TSB;0,6722;0,5951
Sample;1016;1;1;30;TSB;0,6845;0,6076
Sample;1016;1;1;31;TSB;0,6981;0,6232
Sample;1016;1;1;32;TSB;0,709;0,6331
Sample;1016;1;1;33;TSB;0,7207;0,6413
Sample;1016;1;1;34;TSB;0,7327;0,6543
Sample;1016;1;1;35;TSB;0,7464;0,6694
Sample;1016;1;1;36;TSB;0,7547;0,6783
Sample;1016;1;2;0;TSB;0,1317;0,0535
Sample;1016;1;2;1;TSB;0,1302;0,0538
Sample;1016;1;2;2;TSB;0,1347;0,0546
Sample;1016;1;2;3;TSB;0,1311;0,0555
Sample;1016;1;2;4;TSB;0,1343;0,0565
Sample;1016;1;2;5;TSB;0,138;0,0572
Sample;1016;1;2;6;TSB;0,1375;0,0575
Sample;1016;1;2;7;TSB;0,1442;0,0653
Sample;1016;1;2;8;TSB;0,1759;0,1
Sample;1016;1;2;9;TSB;0,2396;0,1598
Sample;1016;1;2;10;TSB;0,2971;0,219
Sample;1016;1;2;11;TSB;0,3292;0,2529
Sample;1016;1;2;12;TSB;0,3582;0,2818
Sample;1016;1;2;13;TSB;0,3874;0,3098
Sample;1016;1;2;14;TSB;0,415;0,3352
Sample;1016;1;2;15;TSB;0,4384;0,3588
Sample;1016;1;2;16;TSB;0,4681;0,3893
Sample;1016;1;2;17;TSB;0,4924;0,4171
Sample;1016;1;2;18;TSB;0,5181;0,4386
Sample;1016;1;2;19;TSB;0,5267;0,4494
Sample;1016;1;2;20;TSB;0,5584;0,4774
Sample;1016;1;2;21;TSB;0,587;0,5085
Sample;1016;1;2;22;TSB;0,572;0,4939
Sample;1016;1;2;23;TSB;0,6125;0,5352
Sample;1016;1;2;24;TSB;0,5558;0,4773
Sample;1016;1;2;25;TSB;0,5497;0,4754
Sample;1016;1;2;26;TSB;0,5944;0,5155
Sample;1016;1;2;27;TSB;0,6332;0,5561
Sample;1016;1;2;28;TSB;0,6575;0,5811
Sample;1016;1;2;29;TSB;0,6705;0,5934
Sample;1016;1;2;30;TSB;0,6862;0,6093
Sample;1016;1;2;31;TSB;0,6998;0,6249
Sample;1016;1;2;32;TSB;0,715;0,6391
Sample;1016;1;2;33;TSB;0,7244;0,645
Sample;1016;1;2;34;TSB;0,7363;0,6579
Sample;1016;1;2;35;TSB;0,7462;0,6692
Sample;1016;1;2;36;TSB;0,76;0,6837
Sample;1016;1;3;0;TSB;0,1285;0,0503
Sample;1016;1;3;1;TSB;0,1287;0,0523
Sample;1016;1;3;2;TSB;0,1371;0,057
Sample;1016;1;3;3;TSB;0,1381;0,0626
Sample;1016;1;3;4;TSB;0,1451;0,0672
Sample;1016;1;3;5;TSB;0,15;0,0692
Sample;1016;1;3;6;TSB;0,1698;0,0898
Sample;1016;1;3;7;TSB;0,189;0,1101
Sample;1016;1;3;8;TSB;0,2219;0,146
Sample;1016;1;3;9;TSB;0,2635;0,1837
Sample;1016;1;3;10;TSB;0,3032;0,2251
Sample;1016;1;3;11;TSB;0,3314;0,2551
Sample;1016;1;3;12;TSB;0,3609;0,2845
Sample;1016;1;3;13;TSB;0,3903;0,3127
Sample;1016;1;3;14;TSB;0,4168;0,337
Sample;1016;1;3;15;TSB;0,4483;0,3687
Sample;1016;1;3;16;TSB;0,4761;0,3973
Sample;1016;1;3;17;TSB;0,4995;0,4242
Sample;1016;1;3;18;TSB;0,5145;0,435
Sample;1016;1;3;19;TSB;0,5239;0,4466
Sample;1016;1;3;20;TSB;0,5399;0,4589
Sample;1016;1;3;21;TSB;0,5516;0,4731
Sample;1016;1;3;22;TSB;0,5302;0,4521
Sample;1016;1;3;23;TSB;0,5311;0,4538
Sample;1016;1;3;24;TSB;0,5665;0,488
Sample;1016;1;3;25;TSB;0,5971;0,5228
Sample;1016;1;3;26;TSB;0,634;0,5551
Sample;1016;1;3;27;TSB;0,652;0,5749
Sample;1016;1;3;28;TSB;0,6661;0,5897
Sample;1016;1;3;29;TSB;0,6783;0,6012
Sample;1016;1;3;30;TSB;0,6899;0,613
Sample;1016;1;3;31;TSB;0,7006;0,6257
Sample;1016;1;3;32;TSB;0,7146;0,6387
Sample;1016;1;3;33;TSB;0,7248;0,6454
Sample;1016;1;3;34;TSB;0,738;0,6596
Sample;1016;1;3;35;TSB;0,7473;0,6703
Sample;1016;1;3;36;TSB;0,76;0,6837
Sample;1016;2;1;0;TSB;0,129;0,0508
Sample;1016;2;1;1;TSB;0,1289;0,0526
Sample;1016;2;1;2;TSB;0,1369;0,0568
Sample;1016;2;1;3;TSB;0,1373;0,0617
Sample;1016;2;1;4;TSB;0,1438;0,0659
Sample;1016;2;1;5;TSB;0,1485;0,0677
Sample;1016;2;1;6;TSB;0,1626;0,0826
Sample;1016;2;1;7;TSB;0,1767;0,0978
Sample;1016;2;1;8;TSB;0,2001;0,1241
Sample;1016;2;1;9;TSB;0,2452;0,1654
Sample;1016;2;1;10;TSB;0,2899;0,2118
Sample;1016;2;1;11;TSB;0,3204;0,2441
Sample;1016;2;1;12;TSB;0,347;0,2706
Sample;1016;2;1;13;TSB;0,3738;0,2962
Sample;1016;2;1;14;TSB;0,4019;0,3221
Sample;1016;2;1;15;TSB;0,4285;0,3489
Sample;1016;2;1;16;TSB;0,4592;0,3803
Sample;1016;2;1;17;TSB;0,4836;0,4083
Sample;1016;2;1;18;TSB;0,5059;0,4264
Sample;1016;2;1;19;TSB;0,5169;0,4396
Sample;1016;2;1;20;TSB;0,5279;0,4469
Sample;1016;2;1;21;TSB;0,5418;0,4632
Sample;1016;2;1;22;TSB;0,5526;0,4744
Sample;1016;2;1;23;TSB;0,5658;0,4885
Sample;1016;2;1;24;TSB;0,5376;0,4591
Sample;1016;2;1;25;TSB;0,5487;0,4743
Sample;1016;2;1;26;TSB;0,5878;0,5088
Sample;1016;2;1;27;TSB;0,6225;0,5453
Sample;1016;2;1;28;TSB;0,6453;0,5689
Sample;1016;2;1;29;TSB;0,6599;0,5828
Sample;1016;2;1;30;TSB;0,675;0,5981
Sample;1016;2;1;31;TSB;0,6886;0,6137
Sample;1016;2;1;32;TSB;0,702;0,6261
Sample;1016;2;1;33;TSB;0,7137;0,6343
Sample;1016;2;1;34;TSB;0,7252;0,6468
Sample;1016;2;1;35;TSB;0,7374;0,6604
Sample;1016;2;1;36;TSB;0,7485;0,6721
Sample;1016;2;2;0;TSB;0,1296;0,0514
Sample;1016;2;2;1;TSB;0,1287;0,0523
Sample;1016;2;2;2;TSB;0,1346;0,0544
Sample;1016;2;2;3;TSB;0,1325;0,0569
Sample;1016;2;2;4;TSB;0,1369;0,059
Sample;1016;2;2;5;TSB;0,1407;0,0599
Sample;1016;2;2;6;TSB;0,1558;0,0758
Sample;1016;2;2;7;TSB;0,1665;0,0876
Sample;1016;2;2;8;TSB;0,1927;0,1168
Sample;1016;2;2;9;TSB;0,2357;0,1559
Sample;1016;2;2;10;TSB;0,2855;0,2074
Sample;1016;2;2;11;TSB;0,314;0,2377
Sample;1016;2;2;12;TSB;0,3445;0,2681
Sample;1016;2;2;13;TSB;0,3843;0,3067
Sample;1016;2;2;14;TSB;0,4133;0,3335
Sample;1016;2;2;15;TSB;0,4406;0,361
Sample;1016;2;2;16;TSB;0,4707;0,3919
Sample;1016;2;2;17;TSB;0,4954;0,4201
Sample;1016;2;2;18;TSB;0,5097;0,4302
Sample;1016;2;2;19;TSB;0,5243;0,447
Sample;1016;2;2;20;TSB;0,5388;0,4578
Sample;1016;2;2;21;TSB;0,5299;0,4514
Sample;1016;2;2;22;TSB;0,5004;0,4223
Sample;1016;2;2;23;TSB;0,5669;0,4896
Sample;1016;2;2;24;TSB;0,6066;0,5281
Sample;1016;2;2;25;TSB;0,6336;0,5593
Sample;1016;2;2;26;TSB;0,6469;0,568
Sample;1016;2;2;27;TSB;0,663;0,5859
Sample;1016;2;2;28;TSB;0,6769;0,6005
Sample;1016;2;2;29;TSB;0,6872;0,6101
Sample;1016;2;2;30;TSB;0,7018;0,6249
Sample;1016;2;2;31;TSB;0,7144;0,6395
Sample;1016;2;2;32;TSB;0,7252;0,6493
Sample;1016;2;2;33;TSB;0,7355;0,6561
Sample;1016;2;2;34;TSB;0,744;0,6656
Sample;1016;2;2;35;TSB;0,7557;0,6787
Sample;1016;2;2;36;TSB;0,7675;0,6912
Sample;1016;2;3;0;TSB;0,1256;0,0474
Sample;1016;2;3;1;TSB;0,1253;0,0489
Sample;1016;2;3;2;TSB;0,1323;0,0522
Sample;1016;2;3;3;TSB;0,1311;0,0555
Sample;1016;2;3;4;TSB;0,1349;0,057
Sample;1016;2;3;5;TSB;0,1702;0,0894
Sample;1016;2;3;6;TSB;0,1946;0,1146
Sample;1016;2;3;7;TSB;0,2204;0,1415
Sample;1016;2;3;8;TSB;0,2414;0,1654
Sample;1016;2;3;9;TSB;0,263;0,1832
Sample;1016;2;3;10;TSB;0,2907;0,2126
Sample;1016;2;3;11;TSB;0,3179;0,2416
Sample;1016;2;3;12;TSB;0,3437;0,2673
Sample;1016;2;3;13;TSB;0,3689;0,2913
Sample;1016;2;3;14;TSB;0,3967;0,3169
Sample;1016;2;3;15;TSB;0,43;0,3504
Sample;1016;2;3;16;TSB;0,4598;0,3809
Sample;1016;2;3;17;TSB;0,4836;0,4083
Sample;1016;2;3;18;TSB;0,4973;0,4178
Sample;1016;2;3;19;TSB;0,5096;0,4323
Sample;1016;2;3;20;TSB;0,5019;0,4209
Sample;1016;2;3;21;TSB;0,5;0,4214
Sample;1016;2;3;22;TSB;0,5187;0,4405
Sample;1016;2;3;23;TSB;0,4885;0,4112
Sample;1016;2;3;24;TSB;0,5343;0,4558
Sample;1016;2;3;25;TSB;0,5777;0,5033
Sample;1016;2;3;26;TSB;0,6097;0,5307
Sample;1016;2;3;27;TSB;0,6286;0,5514
Sample;1016;2;3;28;TSB;0,6439;0,5675
Sample;1016;2;3;29;TSB;0,6589;0,5818
Sample;1016;2;3;30;TSB;0,6709;0,594
Sample;1016;2;3;31;TSB;0,6824;0,6075
Sample;1016;2;3;32;TSB;0,6944;0,6185
Sample;1016;2;3;33;TSB;0,7078;0,6284
Sample;1016;2;3;34;TSB;0,72;0,6416
Sample;1016;2;3;35;TSB;0,7327;0,6557
Sample;1016;2;3;36;TSB;0,7419;0,6655
Sample;1016;3;1;0;TSB;0,1304;0,0523
Sample;1016;3;1;1;TSB;0,1292;0,0528
Sample;1016;3;1;2;TSB;0,1343;0,0542
Sample;1016;3;1;3;TSB;0,1313;0,0558
Sample;1016;3;1;4;TSB;0,1349;0,0571
Sample;1016;3;1;5;TSB;0,1384;0,0576
Sample;1016;3;1;6;TSB;0,1502;0,0702
Sample;1016;3;1;7;TSB;0,161;0,0821
Sample;1016;3;1;8;TSB;0,1904;0,1145
Sample;1016;3;1;9;TSB;0,2454;0,1657
Sample;1016;3;1;10;TSB;0,2961;0,2181
Sample;1016;3;1;11;TSB;0,3271;0,2508
Sample;1016;3;1;12;TSB;0,3556;0,2792
Sample;1016;3;1;13;TSB;0,3845;0,3069
Sample;1016;3;1;14;TSB;0,4119;0,3322
Sample;1016;3;1;15;TSB;0,4377;0,3581
Sample;1016;3;1;16;TSB;0,4674;0,3886
Sample;1016;3;1;17;TSB;0,4915;0,4163
Sample;1016;3;1;18;TSB;0,5145;0,435
Sample;1016;3;1;19;TSB;0,524;0,4468
Sample;1016;3;1;20;TSB;0,5469;0,466
Sample;1016;3;1;21;TSB;0,5676;0,4891
Sample;1016;3;1;22;TSB;0,5584;0,4803
Sample;1016;3;1;23;TSB;0,5871;0,5099
Sample;1016;3;1;24;TSB;0,5537;0,4752
Sample;1016;3;1;25;TSB;0,5584;0,4841
Sample;1016;3;1;26;TSB;0,5999;0,521
Sample;1016;3;1;27;TSB;0,6342;0,5571
Sample;1016;3;1;28;TSB;0,6564;0,5801
Sample;1016;3;1;29;TSB;0,6696;0,5925
Sample;1016;3;1;30;TSB;0,6845;0,6077
Sample;1016;3;1;31;TSB;0,6977;0,6229
Sample;1016;3;1;32;TSB;0,7121;0,6363
Sample;1016;3;1;33;TSB;0,7222;0,6428
Sample;1016;3;1;34;TSB;0,7342;0,6558
Sample;1016;3;1;35;TSB;0,7447;0,6678
Sample;1016;3;1;36;TSB;0,7575;0,6812
Sample;1016;3;2;0;TSB;0,127;0,0489
Sample;1016;3;2;1;TSB;0,1265;0,0502
Sample;1016;3;2;2;TSB;0,1334;0,0533
Sample;1016;3;2;3;TSB;0,1326;0,057
Sample;1016;3;2;4;TSB;0,138;0,0601
Sample;1016;3;2;5;TSB;0,1422;0,0614
Sample;1016;3;2;6;TSB;0,1583;0,0783
Sample;1016;3;2;7;TSB;0,1731;0,0942
Sample;1016;3;2;8;TSB;0,2008;0,1249
Sample;1016;3;2;9;TSB;0,2299;0,1502
Sample;1016;3;2;10;TSB;0,2809;0,2029
Sample;1016;3;2;11;TSB;0,3097;0,2334
Sample;1016;3;2;12;TSB;0,3359;0,2595
Sample;1016;3;2;13;TSB;0,3634;0,2858
Sample;1016;3;2;14;TSB;0,3953;0,3156
Sample;1016;3;2;15;TSB;0,4203;0,3407
Sample;1016;3;2;16;TSB;0,4494;0,3706
Sample;1016;3;2;17;TSB;0,475;0,3998
Sample;1016;3;2;18;TSB;0,4907;0,4112
Sample;1016;3;2;19;TSB;0,5024;0,4252
Sample;1016;3;2;20;TSB;0,5211;0,4402
Sample;1016;3;2;21;TSB;0,5383;0,4598
Sample;1016;3;2;22;TSB;0,5433;0,4652
Sample;1016;3;2;23;TSB;0,5166;0,4394
Sample;1016;3;2;24;TSB;0,5456;0,4671
Sample;1016;3;2;25;TSB;0,5771;0,5028
Sample;1016;3;2;26;TSB;0,6041;0,5252
Sample;1016;3;2;27;TSB;0,6223;0,5452
Sample;1016;3;2;28;TSB;0,6375;0,5612
Sample;1016;3;2;29;TSB;0,6526;0,5755
Sample;1016;3;2;30;TSB;0,6671;0,5903
Sample;1016;3;2;31;TSB;0,6768;0,602
Sample;1016;3;2;32;TSB;0,689;0,6132
Sample;1016;3;2;33;TSB;0,7036;0,6242
Sample;1016;3;2;34;TSB;0,7126;0,6342
Sample;1016;3;2;35;TSB;0,7242;0,6473
Sample;1016;3;2;36;TSB;0,736;0,6597
Sample;1016;3;3;0;TSB;0,1253;0,0472
Sample;1016;3;3;1;TSB;0,1268;0,0504
Sample;1016;3;3;2;TSB;0,1378;0,0576
Sample;1016;3;3;3;TSB;0,1404;0,0648
Sample;1016;3;3;4;TSB;0,1459;0,0681
Sample;1016;3;3;5;TSB;0,1847;0,1039
Sample;1016;3;3;6;TSB;0,2149;0,1349
Sample;1016;3;3;7;TSB;0,2457;0,1668
Sample;1016;3;3;8;TSB;0,2633;0,1874
Sample;1016;3;3;9;TSB;0,2812;0,2015
Sample;1016;3;3;10;TSB;0,2957;0,2177
Sample;1016;3;3;11;TSB;0,3208;0,2445
Sample;1016;3;3;12;TSB;0,3489;0,2725
Sample;1016;3;3;13;TSB;0,3812;0,3036
Sample;1016;3;3;14;TSB;0,4063;0,3266
Sample;1016;3;3;15;TSB;0,4457;0,3661
Sample;1016;3;3;16;TSB;0,4758;0,397
Sample;1016;3;3;17;TSB;0,4986;0,4234
Sample;1016;3;3;18;TSB;0,5067;0,4272
Sample;1016;3;3;19;TSB;0,5217;0,4445
Sample;1016;3;3;20;TSB;0,4974;0,4165
Sample;1016;3;3;21;TSB;0,467;0,3885
Sample;1016;3;3;22;TSB;0,4689;0,3908
Sample;1016;3;3;23;TSB;0,4786;0,4014
Sample;1016;3;3;24;TSB;0,5713;0,4928
Sample;1016;3;3;25;TSB;0,6298;0,5555
Sample;1016;3;3;26;TSB;0,6501;0,5712
Sample;1016;3;3;27;TSB;0,6597;0,5826
Sample;1016;3;3;28;TSB;0,6704;0,5941
Sample;1016;3;3;29;TSB;0,6824;0,6053
Sample;1016;3;3;30;TSB;0,6926;0,6158
Sample;1016;3;3;31;TSB;0,7052;0,6304
Sample;1016;3;3;32;TSB;0,7155;0,6397
Sample;1016;3;3;33;TSB;0,7267;0,6473
Sample;1016;3;3;34;TSB;0,7394;0,661
Sample;1016;3;3;35;TSB;0,7526;0,6757
Sample;1016;3;3;36;TSB;0,7605;0,6842
Sample;1014;1;1;0;TSB;0,1265;0,0483
Sample;1014;1;1;1;TSB;0,1477;0,0713
Sample;1014;1;1;2;TSB;0,1745;0,0944
Sample;1014;1;1;3;TSB;0,2039;0,1283
Sample;1014;1;1;4;TSB;0,2744;0,1966
Sample;1014;1;1;5;TSB;0,2527;0,1719
Sample;1014;1;1;6;TSB;0,2738;0,1938
Sample;1014;1;1;7;TSB;0,2907;0,2118
Sample;1014;1;1;8;TSB;0,2927;0,2168
Sample;1014;1;1;9;TSB;0,2715;0,1917
Sample;1014;1;1;10;TSB;0,2664;0,1883
Sample;1014;1;1;11;TSB;0,2588;0,1825
Sample;1014;1;1;12;TSB;0,2512;0,1748
Sample;1014;1;1;13;TSB;0,2611;0,1835
Sample;1014;1;1;14;TSB;0,2764;0,1966
Sample;1014;1;1;15;TSB;0,2965;0,2169
Sample;1014;1;1;16;TSB;0,2956;0,2168
Sample;1014;1;1;17;TSB;0,3211;0,2458
Sample;1014;1;1;18;TSB;0,332;0,2525
Sample;1014;1;1;19;TSB;0,348;0,2707
Sample;1014;1;1;20;TSB;0,3579;0,2769
Sample;1014;1;1;21;TSB;0,3755;0,297
Sample;1014;1;1;22;TSB;0,3848;0,3067
Sample;1014;1;1;23;TSB;0,3937;0,3164
Sample;1014;1;1;24;TSB;0,3996;0,3211
Sample;1014;1;1;25;TSB;0,4038;0,3295
Sample;1014;1;1;26;TSB;0,4062;0,3273
Sample;1014;1;1;27;TSB;0,4053;0,3282
Sample;1014;1;1;28;TSB;0,4046;0,3282
Sample;1014;1;1;29;TSB;0,4076;0,3305
Sample;1014;1;1;30;TSB;0,4104;0,3335
Sample;1014;1;1;31;TSB;0,4127;0,3378
Sample;1014;1;1;32;TSB;0,4171;0,3412
Sample;1014;1;1;33;TSB;0,423;0,3436
Sample;1014;1;1;34;TSB;0,4257;0,3473
Sample;1014;1;1;35;TSB;0,4301;0,3531
Sample;1014;1;1;36;TSB;0,4334;0,3571
Sample;1014;1;2;0;TSB;0,1278;0,0496
Sample;1014;1;2;1;TSB;0,1316;0,0552
Sample;1014;1;2;2;TSB;0,1457;0,0656
Sample;1014;1;2;3;TSB;0,1468;0,0712
Sample;1014;1;2;4;TSB;0,1851;0,1072
Sample;1014;1;2;5;TSB;0,2289;0,1481
Sample;1014;1;2;6;TSB;0,2345;0,1545
Sample;1014;1;2;7;TSB;0,2231;0,1442
Sample;1014;1;2;8;TSB;0,207;0,131
Sample;1014;1;2;9;TSB;0,1974;0,1176
Sample;1014;1;2;10;TSB;0,1929;0,1148
Sample;1014;1;2;11;TSB;0,2493;0,173
Sample;1014;1;2;12;TSB;0,2171;0,1407
Sample;1014;1;2;13;TSB;0,2164;0,1388
Sample;1014;1;2;14;TSB;0,2194;0,1396
Sample;1014;1;2;15;TSB;0,2365;0,1569
Sample;1014;1;2;16;TSB;0,2569;0,178
Sample;1014;1;2;17;TSB;0,2767;0,2014
Sample;1014;1;2;18;TSB;0,2933;0,2138
Sample;1014;1;2;19;TSB;0,3118;0,2345
Sample;1014;1;2;20;TSB;0,3175;0,2365
Sample;1014;1;2;21;TSB;0,3339;0,2553
Sample;1014;1;2;22;TSB;0,3477;0,2695
Sample;1014;1;2;23;TSB;0,3608;0,2835
Sample;1014;1;2;24;TSB;0,3671;0,2886
Sample;1014;1;2;25;TSB;0,3733;0,2989
Sample;1014;1;2;26;TSB;0,3743;0,2953
Sample;1014;1;2;27;TSB;0,3777;0,3005
Sample;1014;1;2;28;TSB;0,3801;0,3037
Sample;1014;1;2;29;TSB;0,3832;0,3061
Sample;1014;1;2;30;TSB;0,3896;0,3127
Sample;1014;1;2;31;TSB;0,3967;0,3218
Sample;1014;1;2;32;TSB;0,4046;0,3287
Sample;1014;1;2;33;TSB;0,412;0,3326
Sample;1014;1;2;34;TSB;0,4169;0,3385
Sample;1014;1;2;35;TSB;0,4237;0,3467
Sample;1014;1;2;36;TSB;0,4309;0,3545
Sample;1014;1;3;0;TSB;0,1265;0,0484
Sample;1014;1;3;1;TSB;0,1266;0,0503
Sample;1014;1;3;2;TSB;0,1833;0,1032
Sample;1014;1;3;3;TSB;0,1859;0,1104
Sample;1014;1;3;4;TSB;0,2459;0,1681
Sample;1014;1;3;5;TSB;0,2341;0,1533
Sample;1014;1;3;6;TSB;0,2482;0,1682
Sample;1014;1;3;7;TSB;0,278;0,1991
Sample;1014;1;3;8;TSB;0,2794;0,2035
Sample;1014;1;3;9;TSB;0,2539;0,1742
Sample;1014;1;3;10;TSB;0,2749;0,1969
Sample;1014;1;3;11;TSB;0,2537;0,1774
Sample;1014;1;3;12;TSB;0,2671;0,1907
Sample;1014;1;3;13;TSB;0,3087;0,2311
Sample;1014;1;3;14;TSB;0,3285;0,2488
Sample;1014;1;3;15;TSB;0,3488;0,2692
Sample;1014;1;3;16;TSB;0,3619;0,2831
Sample;1014;1;3;17;TSB;0,3787;0,3035
Sample;1014;1;3;18;TSB;0,3964;0,3169
Sample;1014;1;3;19;TSB;0,406;0,3288
Sample;1014;1;3;20;TSB;0,4176;0,3367
Sample;1014;1;3;21;TSB;0,4254;0,3469
Sample;1014;1;3;22;TSB;0,4293;0,3512
Sample;1014;1;3;23;TSB;0,4315;0,3543
Sample;1014;1;3;24;TSB;0,4333;0,3548
Sample;1014;1;3;25;TSB;0,4376;0,3633
Sample;1014;1;3;26;TSB;0,4424;0,3635
Sample;1014;1;3;27;TSB;0,4511;0,374
Sample;1014;1;3;28;TSB;0,4601;0,3838
Sample;1014;1;3;29;TSB;0,4678;0,3907
Sample;1014;1;3;30;TSB;0,4766;0,3998
Sample;1014;1;3;31;TSB;0,495;0,4202
Sample;1014;1;3;32;TSB;0,5083;0,4325
Sample;1014;1;3;33;TSB;0,523;0,4436
Sample;1014;1;3;34;TSB;0,5356;0,4572
Sample;1014;1;3;35;TSB;0,5494;0,4725
Sample;1014;1;3;36;TSB;0,5608;0,4845
Sample;1014;2;1;0;TSB;0,1282;0,0501
Sample;1014;2;1;1;TSB;0,1496;0,0733
Sample;1014;2;1;2;TSB;0,1821;0,102
Sample;1014;2;1;3;TSB;0,1824;0,1069
Sample;1014;2;1;4;TSB;0,218;0,1402
Sample;1014;2;1;5;TSB;0,2265;0,1457
Sample;1014;2;1;6;TSB;0,2581;0,1781
Sample;1014;2;1;7;TSB;0,2708;0,1919
Sample;1014;2;1;8;TSB;0,2702;0,1943
Sample;1014;2;1;9;TSB;0,2575;0,1778
Sample;1014;2;1;10;TSB;0,2452;0,1672
Sample;1014;2;1;11;TSB;0,2566;0,1803
Sample;1014;2;1;12;TSB;0,2407;0,1643
Sample;1014;2;1;13;TSB;0,2581;0,1805
Sample;1014;2;1;14;TSB;0,2803;0,2006
Sample;1014;2;1;15;TSB;0,323;0,2434
Sample;1014;2;1;16;TSB;0,3416;0,2628
Sample;1014;2;1;17;TSB;0,3553;0,2801
Sample;1014;2;1;18;TSB;0,3656;0,2861
Sample;1014;2;1;19;TSB;0,3813;0,3041
Sample;1014;2;1;20;TSB;0,3939;0,313
Sample;1014;2;1;21;TSB;0,4042;0,3257
Sample;1014;2;1;22;TSB;0,4132;0,3351
Sample;1014;2;1;23;TSB;0,4179;0,3407
Sample;1014;2;1;24;TSB;0,421;0,3425
Sample;1014;2;1;25;TSB;0,4229;0,3486
Sample;1014;2;1;26;TSB;0,4256;0,3467
Sample;1014;2;1;27;TSB;0,4319;0,3548
Sample;1014;2;1;28;TSB;0,4362;0,3599
Sample;1014;2;1;29;TSB;0,4419;0,3648
Sample;1014;2;1;30;TSB;0,4475;0,3707
Sample;1014;2;1;31;TSB;0,4516;0,3768
Sample;1014;2;1;32;TSB;0,4568;0,381
Sample;1014;2;1;33;TSB;0,4612;0,3818
Sample;1014;2;1;34;TSB;0,466;0,3876
Sample;1014;2;1;35;TSB;0,4704;0,3935
Sample;1014;2;1;36;TSB;0,4755;0,3992
Sample;1014;2;2;0;TSB;0,1285;0,0503
Sample;1014;2;2;1;TSB;0,1375;0,0611
Sample;1014;2;2;2;TSB;0,1682;0,0881
Sample;1014;2;2;3;TSB;0,1764;0,1008
Sample;1014;2;2;4;TSB;0,2013;0,1235
Sample;1014;2;2;5;TSB;0,2259;0,1451
Sample;1014;2;2;6;TSB;0,2504;0,1704
Sample;1014;2;2;7;TSB;0,2629;0,184
Sample;1014;2;2;8;TSB;0,2422;0,1663
Sample;1014;2;2;9;TSB;0,2491;0,1693
Sample;1014;2;2;10;TSB;0,2582;0,1801
Sample;1014;2;2;11;TSB;0,2338;0,1575
Sample;1014;2;2;12;TSB;0,243;0,1666
Sample;1014;2;2;13;TSB;0,2632;0,1856
Sample;1014;2;2;14;TSB;0,2894;0,2096
Sample;1014;2;2;15;TSB;0,3244;0,2448
Sample;1014;2;2;16;TSB;0,3438;0,265
Sample;1014;2;2;17;TSB;0,3575;0,2822
Sample;1014;2;2;18;TSB;0,376;0,2965
Sample;1014;2;2;19;TSB;0,3927;0,3154
Sample;1014;2;2;20;TSB;0,4031;0,3221
Sample;1014;2;2;21;TSB;0,4125;0,334
Sample;1014;2;2;22;TSB;0,4206;0,3425
Sample;1014;2;2;23;TSB;0,423;0,3457
Sample;1014;2;2;24;TSB;0,425;0,3465
Sample;1014;2;2;25;TSB;0,4265;0,3522
Sample;1014;2;2;26;TSB;0,4295;0,3506
Sample;1014;2;2;27;TSB;0,4343;0,3572
Sample;1014;2;2;28;TSB;0,4382;0,3618
Sample;1014;2;2;29;TSB;0,4444;0,3673
Sample;1014;2;2;30;TSB;0,4489;0,372
Sample;1014;2;2;31;TSB;0,454;0,3791
Sample;1014;2;2;32;TSB;0,4584;0,3825
Sample;1014;2;2;33;TSB;0,4632;0,3838
Sample;1014;2;2;34;TSB;0,4693;0,3909
Sample;1014;2;2;35;TSB;0,4746;0,3976
Sample;1014;2;2;36;TSB;0,4786;0,4023
Sample;1014;2;3;0;TSB;0,1289;0,0507
Sample;1014;2;3;1;TSB;0,1568;0,0804
Sample;1014;2;3;2;TSB;0,1797;0,0995
Sample;1014;2;3;3;TSB;0,1733;0,0977
Sample;1014;2;3;4;TSB;0,191;0,1131
Sample;1014;2;3;5;TSB;0,2169;0,1361
Sample;1014;2;3;6;TSB;0,2461;0,1661
Sample;1014;2;3;7;TSB;0,2628;0,1839
Sample;1014;2;3;8;TSB;0,247;0,171
Sample;1014;2;3;9;TSB;0,2505;0,1707
Sample;1014;2;3;10;TSB;0,2583;0,1802
Sample;1014;2;3;11;TSB;0,2377;0,1614
Sample;1014;2;3;12;TSB;0,246;0,1696
Sample;1014;2;3;13;TSB;0,2753;0,1977
Sample;1014;2;3;14;TSB;0,3049;0,2251
Sample;1014;2;3;15;TSB;0,3486;0,269
Sample;1014;2;3;16;TSB;0,3743;0,2954
Sample;1014;2;3;17;TSB;0,3833;0,308
Sample;1014;2;3;18;TSB;0,4008;0,3213
Sample;1014;2;3;19;TSB;0,4157;0,3384
Sample;1014;2;3;20;TSB;0,4281;0,3471
Sample;1014;2;3;21;TSB;0,4336;0,355
Sample;1014;2;3;22;TSB;0,4403;0,3621
Sample;1014;2;3;23;TSB;0,4401;0,3628
Sample;1014;2;3;24;TSB;0,4407;0,3622
Sample;1014;2;3;25;TSB;0,4414;0,367
Sample;1014;2;3;26;TSB;0,445;0,366
Sample;1014;2;3;27;TSB;0,4538;0,3766
Sample;1014;2;3;28;TSB;0,4609;0,3845
Sample;1014;2;3;29;TSB;0,4687;0,3916
Sample;1014;2;3;30;TSB;0,4751;0,3982
Sample;1014;2;3;31;TSB;0,4833;0,4084
Sample;1014;2;3;32;TSB;0,4895;0,4136
Sample;1014;2;3;33;TSB;0,4954;0,416
Sample;1014;2;3;34;TSB;0,5036;0,4252
Sample;1014;2;3;35;TSB;0,5104;0,4334
Sample;1014;2;3;36;TSB;0,5164;0,44
Sample;1014;3;1;0;TSB;0,1293;0,0511
Sample;1014;3;1;1;TSB;0,1674;0,091
Sample;1014;3;1;2;TSB;0,1838;0,1037
Sample;1014;3;1;3;TSB;0,1713;0,0957
Sample;1014;3;1;4;TSB;0,1796;0,1018
Sample;1014;3;1;5;TSB;0,2112;0,1304
Sample;1014;3;1;6;TSB;0,2437;0,1637
Sample;1014;3;1;7;TSB;0,2619;0,183
Sample;1014;3;1;8;TSB;0,2432;0,1673
Sample;1014;3;1;9;TSB;0,252;0,1722
Sample;1014;3;1;10;TSB;0,2619;0,1838
Sample;1014;3;1;11;TSB;0,2334;0,1571
Sample;1014;3;1;12;TSB;0,2467;0,1703
Sample;1014;3;1;13;TSB;0,2799;0,2023
Sample;1014;3;1;14;TSB;0,3136;0,2338
Sample;1014;3;1;15;TSB;0,3628;0,2832
Sample;1014;3;1;16;TSB;0,3924;0,3136
Sample;1014;3;1;17;TSB;0,3984;0,3231
Sample;1014;3;1;18;TSB;0,4168;0,3373
Sample;1014;3;1;19;TSB;0,4315;0,3542
Sample;1014;3;1;20;TSB;0,4447;0,3637
Sample;1014;3;1;21;TSB;0,448;0,3695
Sample;1014;3;1;22;TSB;0,454;0,3759
Sample;1014;3;1;23;TSB;0,4517;0,3744
Sample;1014;3;1;24;TSB;0,4511;0,3726
Sample;1014;3;1;25;TSB;0,4508;0,3765
Sample;1014;3;1;26;TSB;0,4548;0,3759
Sample;1014;3;1;27;TSB;0,4649;0,3878
Sample;1014;3;1;28;TSB;0,4732;0,3968
Sample;1014;3;1;29;TSB;0,4819;0,4048
Sample;1014;3;1;30;TSB;0,4886;0,4117
Sample;1014;3;1;31;TSB;0,497;0,4221
Sample;1014;3;1;32;TSB;0,503;0,4271
Sample;1014;3;1;33;TSB;0,5083;0,4289
Sample;1014;3;1;34;TSB;0,5172;0,4388
Sample;1014;3;1;35;TSB;0,5239;0,4469
Sample;1014;3;1;36;TSB;0,5298;0,4535
Sample;1014;3;2;0;TSB;0,1288;0,0506
Sample;1014;3;2;1;TSB;0,1387;0,0624
Sample;1014;3;2;2;TSB;0,1543;0,0741
Sample;1014;3;2;3;TSB;0,1704;0,0948
Sample;1014;3;2;4;TSB;0,1846;0,1067
Sample;1014;3;2;5;TSB;0,2253;0,1445
Sample;1014;3;2;6;TSB;0,2427;0,1627
Sample;1014;3;2;7;TSB;0,255;0,1761
Sample;1014;3;2;8;TSB;0,2142;0,1382
Sample;1014;3;2;9;TSB;0,2407;0,1609
Sample;1014;3;2;10;TSB;0,2712;0,1931
Sample;1014;3;2;11;TSB;0,211;0,1347
Sample;1014;3;2;12;TSB;0,2453;0,1689
Sample;1014;3;2;13;TSB;0,2683;0,1907
Sample;1014;3;2;14;TSB;0,2985;0,2187
Sample;1014;3;2;15;TSB;0,3258;0,2462
Sample;1014;3;2;16;TSB;0,346;0,2671
Sample;1014;3;2;17;TSB;0,3597;0,2844
Sample;1014;3;2;18;TSB;0,3864;0,3069
Sample;1014;3;2;19;TSB;0,4041;0,3268
Sample;1014;3;2;20;TSB;0,4123;0,3313
Sample;1014;3;2;21;TSB;0,4208;0,3422
Sample;1014;3;2;22;TSB;0,428;0,3498
Sample;1014;3;2;23;TSB;0,4281;0,3508
Sample;1014;3;2;24;TSB;0,429;0,3505
Sample;1014;3;2;25;TSB;0,4301;0,3557
Sample;1014;3;2;26;TSB;0,4334;0,3544
Sample;1014;3;2;27;TSB;0,4367;0,3595
Sample;1014;3;2;28;TSB;0,4402;0,3638
Sample;1014;3;2;29;TSB;0,4469;0,3698
Sample;1014;3;2;30;TSB;0,4503;0,3734
Sample;1014;3;2;31;TSB;0,4564;0,3815
Sample;1014;3;2;32;TSB;0,46;0,3841
Sample;1014;3;2;33;TSB;0,4652;0,3858
Sample;1014;3;2;34;TSB;0,4726;0,3942
Sample;1014;3;2;35;TSB;0,4788;0,4018
Sample;1014;3;2;36;TSB;0,4817;0,4053
Sample;1014;3;3;0;TSB;0,129;0,0509
Sample;1014;3;3;1;TSB;0,1319;0,0555
Sample;1014;3;3;2;TSB;0,1403;0,0602
Sample;1014;3;3;3;TSB;0,1643;0,0888
Sample;1014;3;3;4;TSB;0,1678;0,09
Sample;1014;3;3;5;TSB;0,2246;0,1438
Sample;1014;3;3;6;TSB;0,2349;0,1549
Sample;1014;3;3;7;TSB;0,247;0,1681
Sample;1014;3;3;8;TSB;0,1861;0,1102
Sample;1014;3;3;9;TSB;0,2322;0,1525
Sample;1014;3;3;10;TSB;0,2841;0,2061
Sample;1014;3;3;11;TSB;0,1881;0,1118
Sample;1014;3;3;12;TSB;0,2475;0,1711
Sample;1014;3;3;13;TSB;0,2733;0,1957
Sample;1014;3;3;14;TSB;0,3075;0,2278
Sample;1014;3;3;15;TSB;0,3271;0,2475
Sample;1014;3;3;16;TSB;0,3481;0,2693
Sample;1014;3;3;17;TSB;0,3618;0,2866
Sample;1014;3;3;18;TSB;0,3967;0,3172
Sample;1014;3;3;19;TSB;0,4154;0,3382
Sample;1014;3;3;20;TSB;0,4214;0,3405
Sample;1014;3;3;21;TSB;0,429;0,3505
Sample;1014;3;3;22;TSB;0,4353;0,3572
Sample;1014;3;3;23;TSB;0,4331;0,3559
Sample;1014;3;3;24;TSB;0,4329;0,3544
Sample;1014;3;3;25;TSB;0,4336;0,3593
Sample;1014;3;3;26;TSB;0,4372;0,3583
Sample;1014;3;3;27;TSB;0,439;0,3619
Sample;1014;3;3;28;TSB;0,4421;0,3658
Sample;1014;3;3;29;TSB;0,4493;0,3722
Sample;1014;3;3;30;TSB;0,4516;0,3748
Sample;1014;3;3;31;TSB;0,4587;0,3839
Sample;1014;3;3;32;TSB;0,4615;0,3857
Sample;1014;3;3;33;TSB;0,4671;0,3877
Sample;1014;3;3;34;TSB;0,4758;0,3974
Sample;1014;3;3;35;TSB;0,4829;0,406
Sample;1014;3;3;36;TSB;0,4847;0,4084
Sample;1018;1;1;0;TSB;0,1266;0,0484
Sample;1018;1;1;1;TSB;0,1573;0,0809
Sample;1018;1;1;2;TSB;0,184;0,1039
Sample;1018;1;1;3;TSB;0,1731;0,0975
Sample;1018;1;1;4;TSB;0,1828;0,105
Sample;1018;1;1;5;TSB;0,2007;0,1199
Sample;1018;1;1;6;TSB;0,2065;0,1265
Sample;1018;1;1;7;TSB;0,1914;0,1125
Sample;1018;1;1;8;TSB;0,1936;0,1177
Sample;1018;1;1;9;TSB;0,3248;0,245
Sample;1018;1;1;10;TSB;0,3316;0,2535
Sample;1018;1;1;11;TSB;0,2701;0,1938
Sample;1018;1;1;12;TSB;0,3012;0,2248
Sample;1018;1;1;13;TSB;0,2604;0,1828
Sample;1018;1;1;14;TSB;0,2606;0,1808
Sample;1018;1;1;15;TSB;0,2842;0,2046
Sample;1018;1;1;16;TSB;0,2739;0,1951
Sample;1018;1;1;17;TSB;0,2838;0,2085
Sample;1018;1;1;18;TSB;0,2795;0,2
Sample;1018;1;1;19;TSB;0,3827;0,3054
Sample;1018;1;1;20;TSB;0,3583;0,2773
Sample;1018;1;1;21;TSB;0,5292;0,4507
Sample;1018;1;1;22;TSB;0,4219;0,3438
Sample;1018;1;1;23;TSB;0,4313;0,354
Sample;1018;1;1;24;TSB;0,3796;0,3011
Sample;1018;1;1;25;TSB;0,4076;0,3333
Sample;1018;1;1;26;TSB;0,416;0,3371
Sample;1018;1;1;27;TSB;0,4356;0,3585
Sample;1018;1;1;28;TSB;0,4483;0,3719
Sample;1018;1;1;29;TSB;0,4749;0,3978
Sample;1018;1;1;30;TSB;0,4943;0,4174
Sample;1018;1;1;31;TSB;0,5217;0,4468
Sample;1018;1;1;32;TSB;0,5191;0,4432
Sample;1018;1;1;33;TSB;0,5253;0,4459
Sample;1018;1;1;34;TSB;0,5409;0,4625
Sample;1018;1;1;35;TSB;0,5599;0,4829
Sample;1018;1;1;36;TSB;0,5812;0,5049
Sample;1018;1;2;0;TSB;0,127;0,0488
Sample;1018;1;2;1;TSB;0,1587;0,0823
Sample;1018;1;2;2;TSB;0,1822;0,1021
Sample;1018;1;2;3;TSB;0,1775;0,1019
Sample;1018;1;2;4;TSB;0,1822;0,1044
Sample;1018;1;2;5;TSB;0,1939;0,1131
Sample;1018;1;2;6;TSB;0,2002;0,1202
Sample;1018;1;2;7;TSB;0,1999;0,121
Sample;1018;1;2;8;TSB;0,2164;0,1405
Sample;1018;1;2;9;TSB;0,3075;0,2277
Sample;1018;1;2;10;TSB;0,3177;0,2396
Sample;1018;1;2;11;TSB;0,2784;0,2021
Sample;1018;1;2;12;TSB;0,2957;0,2193
Sample;1018;1;2;13;TSB;0,2578;0,1802
Sample;1018;1;2;14;TSB;0,2661;0,1863
Sample;1018;1;2;15;TSB;0,282;0,2024
Sample;1018;1;2;16;TSB;0,2747;0,1959
Sample;1018;1;2;17;TSB;0,288;0,2127
Sample;1018;1;2;18;TSB;0,2934;0,2139
Sample;1018;1;2;19;TSB;0,3735;0,2962
Sample;1018;1;2;20;TSB;0,3603;0,2793
Sample;1018;1;2;21;TSB;0,4966;0,4181
Sample;1018;1;2;22;TSB;0,4138;0,3357
Sample;1018;1;2;23;TSB;0,4259;0,3486
Sample;1018;1;2;24;TSB;0,3843;0,3058
Sample;1018;1;2;25;TSB;0,4072;0,3329
Sample;1018;1;2;26;TSB;0,4162;0,3373
Sample;1018;1;2;27;TSB;0,4343;0,3572
Sample;1018;1;2;28;TSB;0,4475;0,3711
Sample;1018;1;2;29;TSB;0,4723;0,3952
Sample;1018;1;2;30;TSB;0,4911;0,4142
Sample;1018;1;2;31;TSB;0,5145;0,4396
Sample;1018;1;2;32;TSB;0,5149;0,439
Sample;1018;1;2;33;TSB;0,5216;0,4422
Sample;1018;1;2;34;TSB;0,5359;0,4575
Sample;1018;1;2;35;TSB;0,5522;0,4752
Sample;1018;1;2;36;TSB;0,5705;0,4942
Sample;1018;1;3;0;TSB;0,1273;0,0491
Sample;1018;1;3;1;TSB;0,1606;0,0842
Sample;1018;1;3;2;TSB;0,1804;0,1003
Sample;1018;1;3;3;TSB;0,1811;0,1055
Sample;1018;1;3;4;TSB;0,1814;0,1036
Sample;1018;1;3;5;TSB;0,1867;0,1059
Sample;1018;1;3;6;TSB;0,194;0,114
Sample;1018;1;3;7;TSB;0,2097;0,1308
Sample;1018;1;3;8;TSB;0,2386;0,1627
Sample;1018;1;3;9;TSB;0,2823;0,2025
Sample;1018;1;3;10;TSB;0,2956;0,2175
Sample;1018;1;3;11;TSB;0,2836;0,2073
Sample;1018;1;3;12;TSB;0,2885;0,2121
Sample;1018;1;3;13;TSB;0,2628;0,1852
Sample;1018;1;3;14;TSB;0,2826;0,2028
Sample;1018;1;3;15;TSB;0,2916;0,212
Sample;1018;1;3;16;TSB;0,2894;0,2106
Sample;1018;1;3;17;TSB;0,3063;0,231
Sample;1018;1;3;18;TSB;0,3223;0,2428
Sample;1018;1;3;19;TSB;0,3928;0,3155
Sample;1018;1;3;20;TSB;0,3866;0,3056
Sample;1018;1;3;21;TSB;0,4763;0,3978
Sample;1018;1;3;22;TSB;0,4263;0,3482
Sample;1018;1;3;23;TSB;0,4406;0,3633
Sample;1018;1;3;24;TSB;0,4135;0,335
Sample;1018;1;3;25;TSB;0,4291;0,3548
Sample;1018;1;3;26;TSB;0,4377;0,3588
Sample;1018;1;3;27;TSB;0,4521;0,375
Sample;1018;1;3;28;TSB;0,4641;0,3877
Sample;1018;1;3;29;TSB;0,4845;0,4074
Sample;1018;1;3;30;TSB;0,5007;0,4238
Sample;1018;1;3;31;TSB;0,5178;0,4429
Sample;1018;1;3;32;TSB;0,5212;0,4453
Sample;1018;1;3;33;TSB;0,5278;0,4484
Sample;1018;1;3;34;TSB;0,5396;0,4612
Sample;1018;1;3;35;TSB;0,5525;0,4755
Sample;1018;1;3;36;TSB;0,5668;0,4905
Sample;1018;2;1;0;TSB;0,1278;0,0497
Sample;1018;2;1;1;TSB;0,1597;0,0834
Sample;1018;2;1;2;TSB;0,1769;0,0968
Sample;1018;2;1;3;TSB;0,1845;0,109
Sample;1018;2;1;4;TSB;0,1784;0,1006
Sample;1018;2;1;5;TSB;0,1787;0,0979
Sample;1018;2;1;6;TSB;0,1837;0,1037
Sample;1018;2;1;7;TSB;0,2131;0,1342
Sample;1018;2;1;8;TSB;0,2609;0,185
Sample;1018;2;1;9;TSB;0,301;0,2213
Sample;1018;2;1;10;TSB;0,3233;0,2453
Sample;1018;2;1;11;TSB;0,309;0,2327
Sample;1018;2;1;12;TSB;0,26;0,1836
Sample;1018;2;1;13;TSB;0,2491;0,1715
Sample;1018;2;1;14;TSB;0,2509;0,1712
Sample;1018;2;1;15;TSB;0,2459;0,1663
Sample;1018;2;1;16;TSB;0,2503;0,1715
Sample;1018;2;1;17;TSB;0,2579;0,1827
Sample;1018;2;1;18;TSB;0,281;0,2015
Sample;1018;2;1;19;TSB;0,2845;0,2073
Sample;1018;2;1;20;TSB;0,2961;0,2152
Sample;1018;2;1;21;TSB;0,4072;0,3287
Sample;1018;2;1;22;TSB;0,3605;0,2824
Sample;1018;2;1;23;TSB;0,3651;0,2879
Sample;1018;2;1;24;TSB;0,3491;0,2706
Sample;1018;2;1;25;TSB;0,3757;0,3014
Sample;1018;2;1;26;TSB;0,3882;0,3093
Sample;1018;2;1;27;TSB;0,402;0,3249
Sample;1018;2;1;28;TSB;0,4176;0,3413
Sample;1018;2;1;29;TSB;0,4426;0,3655
Sample;1018;2;1;30;TSB;0,4653;0,3885
Sample;1018;2;1;31;TSB;0,4857;0,4109
Sample;1018;2;1;32;TSB;0,4917;0,4159
Sample;1018;2;1;33;TSB;0,4995;0,4201
Sample;1018;2;1;34;TSB;0,5113;0,4329
Sample;1018;2;1;35;TSB;0,5234;0,4465
Sample;1018;2;1;36;TSB;0,5364;0,4601
Sample;1018;2;2;0;TSB;0,1283;0,0502
Sample;1018;2;2;1;TSB;0,1653;0,089
Sample;1018;2;2;2;TSB;0,1813;0,1012
Sample;1018;2;2;3;TSB;0,196;0,1205
Sample;1018;2;2;4;TSB;0,1864;0,1086
Sample;1018;2;2;5;TSB;0,1783;0,0975
Sample;1018;2;2;6;TSB;0,1878;0,1078
Sample;1018;2;2;7;TSB;0,2301;0,1512
Sample;1018;2;2;8;TSB;0,2888;0,2129
Sample;1018;2;2;9;TSB;0,2229;0,1432
Sample;1018;2;2;10;TSB;0,2342;0,1562
Sample;1018;2;2;11;TSB;0,2847;0,2084
Sample;1018;2;2;12;TSB;0,3331;0,2567
Sample;1018;2;2;13;TSB;0,2341;0,1565
Sample;1018;2;2;14;TSB;0,3019;0,2222
Sample;1018;2;2;15;TSB;0,3045;0,2249
Sample;1018;2;2;16;TSB;0,2876;0,2088
Sample;1018;2;2;17;TSB;0,3345;0,2593
Sample;1018;2;2;18;TSB;0,3709;0,2914
Sample;1018;2;2;19;TSB;0,4012;0,324
Sample;1018;2;2;20;TSB;0,4298;0,3489
Sample;1018;2;2;21;TSB;0,41;0,3315
Sample;1018;2;2;22;TSB;0,4016;0,3235
Sample;1018;2;2;23;TSB;0,4505;0,3733
Sample;1018;2;2;24;TSB;0,414;0,3355
Sample;1018;2;2;25;TSB;0,4001;0,3258
Sample;1018;2;2;26;TSB;0,4095;0,3306
Sample;1018;2;2;27;TSB;0,4332;0,3561
Sample;1018;2;2;28;TSB;0,4498;0,3735
Sample;1018;2;2;29;TSB;0,4693;0,3922
Sample;1018;2;2;30;TSB;0,482;0,4052
Sample;1018;2;2;31;TSB;0,4904;0,4156
Sample;1018;2;2;32;TSB;0,501;0,4252
Sample;1018;2;2;33;TSB;0,5103;0,4309
Sample;1018;2;2;34;TSB;0,5235;0,4451
Sample;1018;2;2;35;TSB;0,5326;0,4557
Sample;1018;2;2;36;TSB;0,5424;0,4661
Sample;1018;2;3;0;TSB;0,1284;0,0503
Sample;1018;2;3;1;TSB;0,1634;0,0871
Sample;1018;2;3;2;TSB;0,1731;0,093
Sample;1018;2;3;3;TSB;0,1917;0,1162
Sample;1018;2;3;4;TSB;0,1767;0,0989
Sample;1018;2;3;5;TSB;0,1642;0,0834
Sample;1018;2;3;6;TSB;0,1713;0,0913
Sample;1018;2;3;7;TSB;0,2325;0,1536
Sample;1018;2;3;8;TSB;0,3052;0,2293
Sample;1018;2;3;9;TSB;0,2505;0,1708
Sample;1018;2;3;10;TSB;0,279;0,201
Sample;1018;2;3;11;TSB;0,3193;0,243
Sample;1018;2;3;12;TSB;0,2455;0,1691
Sample;1018;2;3;13;TSB;0,259;0,1814
Sample;1018;2;3;14;TSB;0,2839;0,2042
Sample;1018;2;3;15;TSB;0,2649;0,1853
Sample;1018;2;3;16;TSB;0,2796;0,2008
Sample;1018;2;3;17;TSB;0,2944;0,2192
Sample;1018;2;3;18;TSB;0,3386;0,2591
Sample;1018;2;3;19;TSB;0,323;0,2458
Sample;1018;2;3;20;TSB;0,3486;0,2677
Sample;1018;2;3;21;TSB;0,3665;0,288
Sample;1018;2;3;22;TSB;0,3855;0,3074
Sample;1018;2;3;23;TSB;0,3943;0,3171
Sample;1018;2;3;24;TSB;0,4075;0,329
Sample;1018;2;3;25;TSB;0,4194;0,3451
Sample;1018;2;3;26;TSB;0,4311;0,3522
Sample;1018;2;3;27;TSB;0,4374;0,3603
Sample;1018;2;3;28;TSB;0,4507;0,3744
Sample;1018;2;3;29;TSB;0,467;0,3899
Sample;1018;2;3;30;TSB;0,4844;0,4076
Sample;1018;2;3;31;TSB;0,4922;0,4174
Sample;1018;2;3;32;TSB;0,5041;0,4283
Sample;1018;2;3;33;TSB;0,5118;0,4324
Sample;1018;2;3;34;TSB;0,5187;0,4403
Sample;1018;2;3;35;TSB;0,5239;0,447
Sample;1018;2;3;36;TSB;0,529;0,4527
Sample;1018;3;1;0;TSB;0,129;0,0508
Sample;1018;3;1;1;TSB;0,1659;0,0895
Sample;1018;3;1;2;TSB;0,1737;0,0935
Sample;1018;3;1;3;TSB;0,1993;0,1237
Sample;1018;3;1;4;TSB;0,1793;0,1014
Sample;1018;3;1;5;TSB;0,1601;0,0793
Sample;1018;3;1;6;TSB;0,1684;0,0884
Sample;1018;3;1;7;TSB;0,2429;0,164
Sample;1018;3;1;8;TSB;0,3304;0,2544
Sample;1018;3;1;9;TSB;0,221;0,1412
Sample;1018;3;1;10;TSB;0,2484;0,1703
Sample;1018;3;1;11;TSB;0,32;0,2437
Sample;1018;3;1;12;TSB;0,268;0,1916
Sample;1018;3;1;13;TSB;0,2448;0,1672
Sample;1018;3;1;14;TSB;0,2937;0,2139
Sample;1018;3;1;15;TSB;0,2715;0,1919
Sample;1018;3;1;16;TSB;0,2788;0,1999
Sample;1018;3;1;17;TSB;0,3087;0,2334
Sample;1018;3;1;18;TSB;0,3631;0,2836
Sample;1018;3;1;19;TSB;0,3274;0,2501
Sample;1018;3;1;20;TSB;0,3704;0,2894
Sample;1018;3;1;21;TSB;0,3335;0,2549
Sample;1018;3;1;22;TSB;0,3733;0,2951
Sample;1018;3;1;23;TSB;0,3994;0,3221
Sample;1018;3;1;24;TSB;0,4079;0,3294
Sample;1018;3;1;25;TSB;0,4051;0,3307
Sample;1018;3;1;26;TSB;0,4172;0,3382
Sample;1018;3;1;27;TSB;0,4281;0,3509
Sample;1018;3;1;28;TSB;0,4437;0,3673
Sample;1018;3;1;29;TSB;0,4595;0,3824
Sample;1018;3;1;30;TSB;0,4752;0,3983
Sample;1018;3;1;31;TSB;0,4787;0,4038
Sample;1018;3;1;32;TSB;0,4942;0,4183
Sample;1018;3;1;33;TSB;0,5032;0,4238
Sample;1018;3;1;34;TSB;0,5108;0,4324
Sample;1018;3;1;35;TSB;0,5141;0,4371
Sample;1018;3;1;36;TSB;0,5169;0,4405
Sample;1018;3;2;0;TSB;0,1293;0,0512
Sample;1018;3;2;1;TSB;0,1672;0,0909
Sample;1018;3;2;2;TSB;0,1719;0,0918
Sample;1018;3;2;3;TSB;0,2035;0,128
Sample;1018;3;2;4;TSB;0,1786;0,1008
Sample;1018;3;2;5;TSB;0,1533;0,0725
Sample;1018;3;2;6;TSB;0,1619;0,0819
Sample;1018;3;2;7;TSB;0,2513;0,1724
Sample;1018;3;2;8;TSB;0,3531;0,2772
Sample;1018;3;2;9;TSB;0,2035;0,1238
Sample;1018;3;2;10;TSB;0,2345;0,1565
Sample;1018;3;2;11;TSB;0,3282;0,2519
Sample;1018;3;2;12;TSB;0,2623;0,1859
Sample;1018;3;2;13;TSB;0,2421;0,1645
Sample;1018;3;2;14;TSB;0,2991;0,2194
Sample;1018;3;2;15;TSB;0,2693;0,1897
Sample;1018;3;2;16;TSB;0,2795;0,2007
Sample;1018;3;2;17;TSB;0,3127;0,2375
Sample;1018;3;2;18;TSB;0,3769;0,2974
Sample;1018;3;2;19;TSB;0,318;0,2408
Sample;1018;3;2;20;TSB;0,3723;0,2914
Sample;1018;3;2;21;TSB;0,3008;0,2223
Sample;1018;3;2;22;TSB;0,3651;0,287
Sample;1018;3;2;23;TSB;0,394;0,3168
Sample;1018;3;2;24;TSB;0,4125;0,334
Sample;1018;3;2;25;TSB;0,4045;0,3302
Sample;1018;3;2;26;TSB;0,4172;0,3383
Sample;1018;3;2;27;TSB;0,4267;0,3496
Sample;1018;3;2;28;TSB;0,4428;0,3665
Sample;1018;3;2;29;TSB;0,4569;0,3798
Sample;1018;3;2;30;TSB;0,4719;0,3951
Sample;1018;3;2;31;TSB;0,4714;0,3966
Sample;1018;3;2;32;TSB;0,4899;0,4141
Sample;1018;3;2;33;TSB;0,4994;0,42
Sample;1018;3;2;34;TSB;0,5057;0,4273
Sample;1018;3;2;35;TSB;0,5064;0,4295
Sample;1018;3;2;36;TSB;0,5061;0,4298
Sample;1018;3;3;0;TSB;0,1297;0,0516
Sample;1018;3;3;1;TSB;0,1686;0,0923
Sample;1018;3;3;2;TSB;0,1702;0,0901
Sample;1018;3;3;3;TSB;0,2079;0,1324
Sample;1018;3;3;4;TSB;0,178;0,1002
Sample;1018;3;3;5;TSB;0,1465;0,0657
Sample;1018;3;3;6;TSB;0,1555;0,0755
Sample;1018;3;3;7;TSB;0,2599;0,181
Sample;1018;3;3;8;TSB;0,3759;0,3
Sample;1018;3;3;9;TSB;0,1862;0,1065
Sample;1018;3;3;10;TSB;0,2206;0,1426
Sample;1018;3;3;11;TSB;0,3365;0,2602
Sample;1018;3;3;12;TSB;0,2568;0,1804
Sample;1018;3;3;13;TSB;0,2395;0,1619
Sample;1018;3;3;14;TSB;0,3046;0,2249
Sample;1018;3;3;15;TSB;0,2672;0,1876
Sample;1018;3;3;16;TSB;0,2803;0,2015
Sample;1018;3;3;17;TSB;0,3168;0,2416
Sample;1018;3;3;18;TSB;0,3908;0,3113
Sample;1018;3;3;19;TSB;0,3088;0,2316
Sample;1018;3;3;20;TSB;0,3743;0,2934
Sample;1018;3;3;21;TSB;0,2682;0,1897
Sample;1018;3;3;22;TSB;0,357;0,2789
Sample;1018;3;3;23;TSB;0,3886;0,3114
Sample;1018;3;3;24;TSB;0,4172;0,3387
Sample;1018;3;3;25;TSB;0,4041;0,3298
Sample;1018;3;3;26;TSB;0,4174;0,3385
Sample;1018;3;3;27;TSB;0,4255;0,3484
Sample;1018;3;3;28;TSB;0,442;0,3657
Sample;1018;3;3;29;TSB;0,4543;0,3772
Sample;1018;3;3;30;TSB;0,4687;0,3919
Sample;1018;3;3;31;TSB;0,4642;0,3894
Sample;1018;3;3;32;TSB;0,4857;0,4099
Sample;1018;3;3;33;TSB;0,4957;0,4163
Sample;1018;3;3;34;TSB;0,5006;0,4222
Sample;1018;3;3;35;TSB;0,4987;0,4218
Sample;1018;3;3;36;TSB;0,4954;0,4191
Sample;1090;1;1;0;TSB;0,1253;0,0471
Sample;1090;1;1;1;TSB;0,1589;0,0825
Sample;1090;1;1;2;TSB;0,1858;0,1056
Sample;1090;1;1;3;TSB;0,3332;0,2576
Sample;1090;1;1;4;TSB;0,3739;0,296
Sample;1090;1;1;5;TSB;0,4031;0,3223
Sample;1090;1;1;6;TSB;0,4396;0,3596
Sample;1090;1;1;7;TSB;0,4707;0,3918
Sample;1090;1;1;8;TSB;0,5033;0,4273
Sample;1090;1;1;9;TSB;0,5332;0,4534
Sample;1090;1;1;10;TSB;0,5591;0,481
Sample;1090;1;1;11;TSB;0,5825;0,5062
Sample;1090;1;1;12;TSB;0,6073;0,5309
Sample;1090;1;1;13;TSB;0,628;0,5504
Sample;1090;1;1;14;TSB;0,6476;0,5678
Sample;1090;1;1;15;TSB;0,6678;0,5882
Sample;1090;1;1;16;TSB;0,6859;0,607
Sample;1090;1;1;17;TSB;0,7028;0,6275
Sample;1090;1;1;18;TSB;0,7225;0,643
Sample;1090;1;1;19;TSB;0,7379;0,6606
Sample;1090;1;1;20;TSB;0,7542;0,6732
Sample;1090;1;1;21;TSB;0,7708;0,6922
Sample;1090;1;1;22;TSB;0,7861;0,7079
Sample;1090;1;1;23;TSB;0,7993;0,722
Sample;1090;1;1;24;TSB;0,8119;0,7334
Sample;1090;1;1;25;TSB;0,828;0,7536
Sample;1090;1;1;26;TSB;0,8357;0,7567
Sample;1090;1;1;27;TSB;0,8455;0,7683
Sample;1090;1;1;28;TSB;0,8566;0,7802
Sample;1090;1;1;29;TSB;0,8647;0,7876
Sample;1090;1;1;30;TSB;0,8704;0,7935
Sample;1090;1;1;31;TSB;0,8723;0,7974
Sample;1090;1;1;32;TSB;0,874;0,7981
Sample;1090;1;1;33;TSB;0,8732;0,7938
Sample;1090;1;1;34;TSB;0,8714;0,793
Sample;1090;1;1;35;TSB;0,8677;0,7907
Sample;1090;1;1;36;TSB;0,8619;0,7855
Sample;1090;1;2;0;TSB;0,1292;0,0511
Sample;1090;1;2;1;TSB;0,2077;0,1314
Sample;1090;1;2;2;TSB;0,2592;0,1791
Sample;1090;1;2;3;TSB;0,4659;0,3904
Sample;1090;1;2;4;TSB;0,438;0,3602
Sample;1090;1;2;5;TSB;0,4615;0,3807
Sample;1090;1;2;6;TSB;0,4969;0,4169
Sample;1090;1;2;7;TSB;0,5245;0,4456
Sample;1090;1;2;8;TSB;0,5496;0,4737
Sample;1090;1;2;9;TSB;0,5726;0,4929
Sample;1090;1;2;10;TSB;0,5994;0,5214
Sample;1090;1;2;11;TSB;0,6211;0,5448
Sample;1090;1;2;12;TSB;0,6434;0,567
Sample;1090;1;2;13;TSB;0,6609;0,5833
Sample;1090;1;2;14;TSB;0,6833;0,6036
Sample;1090;1;2;15;TSB;0,7014;0,6218
Sample;1090;1;2;16;TSB;0,7162;0,6374
Sample;1090;1;2;17;TSB;0,7314;0,6562
Sample;1090;1;2;18;TSB;0,7455;0,666
Sample;1090;1;2;19;TSB;0,76;0,6828
Sample;1090;1;2;20;TSB;0,7767;0,6958
Sample;1090;1;2;21;TSB;0,7889;0,7104
Sample;1090;1;2;22;TSB;0,8049;0,7268
Sample;1090;1;2;23;TSB;0,817;0,7398
Sample;1090;1;2;24;TSB;0,829;0,7505
Sample;1090;1;2;25;TSB;0,8404;0,7661
Sample;1090;1;2;26;TSB;0,853;0,7741
Sample;1090;1;2;27;TSB;0,8618;0,7847
Sample;1090;1;2;28;TSB;0,8698;0,7935
Sample;1090;1;2;29;TSB;0,8765;0,7994
Sample;1090;1;2;30;TSB;0,8797;0,8029
Sample;1090;1;2;31;TSB;0,8841;0,8093
Sample;1090;1;2;32;TSB;0,8833;0,8075
Sample;1090;1;2;33;TSB;0,8796;0,8002
Sample;1090;1;2;34;TSB;0,8755;0,7971
Sample;1090;1;2;35;TSB;0,8694;0,7925
Sample;1090;1;2;36;TSB;0,8608;0,7845
Sample;1090;1;3;0;TSB;0,1294;0,0512
Sample;1090;1;3;1;TSB;0,2226;0,1462
Sample;1090;1;3;2;TSB;0,2961;0,2159
Sample;1090;1;3;3;TSB;0,4339;0,3583
Sample;1090;1;3;4;TSB;0,5258;0,4479
Sample;1090;1;3;5;TSB;0,5478;0,467
Sample;1090;1;3;6;TSB;0,5866;0,5066
Sample;1090;1;3;7;TSB;0,6193;0,5404
Sample;1090;1;3;8;TSB;0,6527;0,5767
Sample;1090;1;3;9;TSB;0,6806;0,6008
Sample;1090;1;3;10;TSB;0,7076;0,6295
Sample;1090;1;3;11;TSB;0,7347;0,6584
Sample;1090;1;3;12;TSB;0,7602;0,6838
Sample;1090;1;3;13;TSB;0,7823;0,7047
Sample;1090;1;3;14;TSB;0,8029;0,7231
Sample;1090;1;3;15;TSB;0,8244;0,7448
Sample;1090;1;3;16;TSB;0,8442;0,7653
Sample;1090;1;3;17;TSB;0,8615;0,7862
Sample;1090;1;3;18;TSB;0,8781;0,7986
Sample;1090;1;3;19;TSB;0,8922;0,8149
Sample;1090;1;3;20;TSB;0,9077;0,8267
Sample;1090;1;3;21;TSB;0,9234;0,8448
Sample;1090;1;3;22;TSB;0,9354;0,8572
Sample;1090;1;3;23;TSB;0,95;0,8727
Sample;1090;1;3;24;TSB;0,9628;0,8843
Sample;1090;1;3;25;TSB;0,9731;0,8987
Sample;1090;1;3;26;TSB;0,9795;0,9005
Sample;1090;1;3;27;TSB;0,9872;0,91
Sample;1090;1;3;28;TSB;0,9899;0,9135
Sample;1090;1;3;29;TSB;0,9897;0,9126
Sample;1090;1;3;30;TSB;0,9889;0,912
Sample;1090;1;3;31;TSB;0,9854;0,9105
Sample;1090;1;3;32;TSB;0,9824;0,9065
Sample;1090;1;3;33;TSB;0,9777;0,8983
Sample;1090;1;3;34;TSB;0,9744;0,896
Sample;1090;1;3;35;TSB;0,9715;0,8945
Sample;1090;1;3;36;TSB;0,9704;0,894
Sample;1090;2;1;0;TSB;0,1264;0,0482
Sample;1090;2;1;1;TSB;0,1708;0,0944
Sample;1090;2;1;2;TSB;0,2055;0,1253
Sample;1090;2;1;3;TSB;0,3384;0,2628
Sample;1090;2;1;4;TSB;0,4176;0,3397
Sample;1090;2;1;5;TSB;0,4268;0,346
Sample;1090;2;1;6;TSB;0,4556;0,3756
Sample;1090;2;1;7;TSB;0,484;0,4051
Sample;1090;2;1;8;TSB;0,5162;0,4402
Sample;1090;2;1;9;TSB;0,546;0,4662
Sample;1090;2;1;10;TSB;0,572;0,4939
Sample;1090;2;1;11;TSB;0,5995;0,5232
Sample;1090;2;1;12;TSB;0,6239;0,5475
Sample;1090;2;1;13;TSB;0,6403;0,5627
Sample;1090;2;1;14;TSB;0,664;0,5842
Sample;1090;2;1;15;TSB;0,6848;0,6052
Sample;1090;2;1;16;TSB;0,7028;0,6239
Sample;1090;2;1;17;TSB;0,7186;0,6433
Sample;1090;2;1;18;TSB;0,7355;0,656
Sample;1090;2;1;19;TSB;0,7546;0,6773
Sample;1090;2;1;20;TSB;0,774;0,693
Sample;1090;2;1;21;TSB;0,7863;0,7077
Sample;1090;2;1;22;TSB;0,8019;0,7237
Sample;1090;2;1;23;TSB;0,8164;0,7391
Sample;1090;2;1;24;TSB;0,8311;0,7526
Sample;1090;2;1;25;TSB;0,8422;0,7678
Sample;1090;2;1;26;TSB;0,8574;0,7784
Sample;1090;2;1;27;TSB;0,867;0,7898
Sample;1090;2;1;28;TSB;0,8783;0,8019
Sample;1090;2;1;29;TSB;0,8845;0,8074
Sample;1090;2;1;30;TSB;0,8912;0,8143
Sample;1090;2;1;31;TSB;0,8982;0,8233
Sample;1090;2;1;32;TSB;0,8993;0,8234
Sample;1090;2;1;33;TSB;0,8986;0,8192
Sample;1090;2;1;34;TSB;0,8981;0,8197
Sample;1090;2;1;35;TSB;0,8943;0,8173
Sample;1090;2;1;36;TSB;0,8873;0,8109
Sample;1090;2;2;0;TSB;0,1269;0,0487
Sample;1090;2;2;1;TSB;0,1738;0,0974
Sample;1090;2;2;2;TSB;0,2201;0,1399
Sample;1090;2;2;3;TSB;0,3182;0,2426
Sample;1090;2;2;4;TSB;0,4265;0,3486
Sample;1090;2;2;5;TSB;0,4436;0,3628
Sample;1090;2;2;6;TSB;0,4732;0,3932
Sample;1090;2;2;7;TSB;0,5013;0,4224
Sample;1090;2;2;8;TSB;0,532;0,456
Sample;1090;2;2;9;TSB;0,5598;0,48
Sample;1090;2;2;10;TSB;0,5878;0,5097
Sample;1090;2;2;11;TSB;0,6117;0,5354
Sample;1090;2;2;12;TSB;0,6378;0,5614
Sample;1090;2;2;13;TSB;0,6619;0,5843
Sample;1090;2;2;14;TSB;0,6772;0,5974
Sample;1090;2;2;15;TSB;0,7006;0,621
Sample;1090;2;2;16;TSB;0,7169;0,638
Sample;1090;2;2;17;TSB;0,7369;0,6616
Sample;1090;2;2;18;TSB;0,7519;0,6724
Sample;1090;2;2;19;TSB;0,7716;0,6943
Sample;1090;2;2;20;TSB;0,783;0,702
Sample;1090;2;2;21;TSB;0,8002;0,7216
Sample;1090;2;2;22;TSB;0,8143;0,7361
Sample;1090;2;2;23;TSB;0,8298;0,7525
Sample;1090;2;2;24;TSB;0,841;0,7625
Sample;1090;2;2;25;TSB;0,8527;0,7783
Sample;1090;2;2;26;TSB;0,8655;0,7865
Sample;1090;2;2;27;TSB;0,8749;0,7977
Sample;1090;2;2;28;TSB;0,8832;0,8068
Sample;1090;2;2;29;TSB;0,891;0,8139
Sample;1090;2;2;30;TSB;0,8977;0,8208
Sample;1090;2;2;31;TSB;0,9008;0,8259
Sample;1090;2;2;32;TSB;0,9035;0,8276
Sample;1090;2;2;33;TSB;0,902;0,8226
Sample;1090;2;2;34;TSB;0,8997;0,8213
Sample;1090;2;2;35;TSB;0,8922;0,8152
Sample;1090;2;2;36;TSB;0,8854;0,809
Sample;1090;2;3;0;TSB;0,1275;0,0493
Sample;1090;2;3;1;TSB;0,1846;0,1082
Sample;1090;2;3;2;TSB;0,2378;0,1577
Sample;1090;2;3;3;TSB;0,3306;0,255
Sample;1090;2;3;4;TSB;0,4618;0,384
Sample;1090;2;3;5;TSB;0,4704;0,3896
Sample;1090;2;3;6;TSB;0,4981;0,4181
Sample;1090;2;3;7;TSB;0,5261;0,4472
Sample;1090;2;3;8;TSB;0,5579;0,482
Sample;1090;2;3;9;TSB;0,5864;0,5066
Sample;1090;2;3;10;TSB;0,6142;0,5361
Sample;1090;2;3;11;TSB;0,6409;0,5646
Sample;1090;2;3;12;TSB;0,6669;0,5905
Sample;1090;2;3;13;TSB;0,6888;0,6112
Sample;1090;2;3;14;TSB;0,7069;0,6271
Sample;1090;2;3;15;TSB;0,7305;0,6509
Sample;1090;2;3;16;TSB;0,7478;0,669
Sample;1090;2;3;17;TSB;0,7668;0,6915
Sample;1090;2;3;18;TSB;0,7813;0,7018
Sample;1090;2;3;19;TSB;0,8018;0,7245
Sample;1090;2;3;20;TSB;0,8156;0,7346
Sample;1090;2;3;21;TSB;0,8308;0,7523
Sample;1090;2;3;22;TSB;0,8445;0,7664
Sample;1090;2;3;23;TSB;0,8606;0,7833
Sample;1090;2;3;24;TSB;0,8732;0,7947
Sample;1090;2;3;25;TSB;0,8826;0,8083
Sample;1090;2;3;26;TSB;0,8974;0,8185
Sample;1090;2;3;27;TSB;0,9065;0,8294
Sample;1090;2;3;28;TSB;0,914;0,8376
Sample;1090;2;3;29;TSB;0,9194;0,8423
Sample;1090;2;3;30;TSB;0,9254;0,8485
Sample;1090;2;3;31;TSB;0,9295;0,8546
Sample;1090;2;3;32;TSB;0,931;0,8551
Sample;1090;2;3;33;TSB;0,9292;0,8498
Sample;1090;2;3;34;TSB;0,9276;0,8492
Sample;1090;2;3;35;TSB;0,9212;0,8442
Sample;1090;2;3;36;TSB;0,9152;0,8389
Sample;1090;3;1;0;TSB;0,1275;0,0494
Sample;1090;3;1;1;TSB;0,1838;0,1075
Sample;1090;3;1;2;TSB;0,2392;0,1591
Sample;1090;3;1;3;TSB;0,3148;0,2393
Sample;1090;3;1;4;TSB;0,4702;0,3924
Sample;1090;3;1;5;TSB;0,475;0,3942
Sample;1090;3;1;6;TSB;0,5006;0,4206
Sample;1090;3;1;7;TSB;0,5281;0,4492
Sample;1090;3;1;8;TSB;0,5603;0,4844
Sample;1090;3;1;9;TSB;0,589;0,5093
Sample;1090;3;1;10;TSB;0,6171;0,5391
Sample;1090;3;1;11;TSB;0,6445;0,5682
Sample;1090;3;1;12;TSB;0,671;0,5946
Sample;1090;3;1;13;TSB;0,6935;0,6159
Sample;1090;3;1;14;TSB;0,7109;0,6312
Sample;1090;3;1;15;TSB;0,7353;0,6557
Sample;1090;3;1;16;TSB;0,7525;0,6737
Sample;1090;3;1;17;TSB;0,7723;0,6971
Sample;1090;3;1;18;TSB;0,7861;0,7066
Sample;1090;3;1;19;TSB;0,808;0,7308
Sample;1090;3;1;20;TSB;0,821;0,7401
Sample;1090;3;1;21;TSB;0,8363;0,7578
Sample;1090;3;1;22;TSB;0,8498;0,7717
Sample;1090;3;1;23;TSB;0,8666;0,7894
Sample;1090;3;1;24;TSB;0,8792;0,8007
Sample;1090;3;1;25;TSB;0,8877;0,8134
Sample;1090;3;1;26;TSB;0,9037;0,8248
Sample;1090;3;1;27;TSB;0,9128;0,8357
Sample;1090;3;1;28;TSB;0,9201;0,8438
Sample;1090;3;1;29;TSB;0,9254;0,8483
Sample;1090;3;1;30;TSB;0,9319;0,8551
Sample;1090;3;1;31;TSB;0,9365;0,8617
Sample;1090;3;1;32;TSB;0,9384;0,8626
Sample;1090;3;1;33;TSB;0,9368;0,8574
Sample;1090;3;1;34;TSB;0,9354;0,857
Sample;1090;3;1;35;TSB;0,9285;0,8516
Sample;1090;3;1;36;TSB;0,9225;0,8462
Sample;1090;3;2;0;TSB;0,1332;0,055
Sample;1090;3;2;1;TSB;0,2566;0,1802
Sample;1090;3;2;2;TSB;0,3327;0,2525
Sample;1090;3;2;3;TSB;0,5987;0,5231
Sample;1090;3;2;4;TSB;0,5022;0,4243
Sample;1090;3;2;5;TSB;0,52;0,4392
Sample;1090;3;2;6;TSB;0,5543;0,4743
Sample;1090;3;2;7;TSB;0,5784;0,4995
Sample;1090;3;2;8;TSB;0,596;0,52
Sample;1090;3;2;9;TSB;0,6121;0,5323
Sample;1090;3;2;10;TSB;0,6398;0,5617
Sample;1090;3;2;11;TSB;0,6598;0,5835
Sample;1090;3;2;12;TSB;0,6796;0,6032
Sample;1090;3;2;13;TSB;0,6939;0,6163
Sample;1090;3;2;14;TSB;0,7191;0,6393
Sample;1090;3;2;15;TSB;0,7351;0,6555
Sample;1090;3;2;16;TSB;0,7466;0,6677
Sample;1090;3;2;17;TSB;0,7601;0,6848
Sample;1090;3;2;18;TSB;0,7686;0,6891
Sample;1090;3;2;19;TSB;0,7822;0,7049
Sample;1090;3;2;20;TSB;0,7993;0,7183
Sample;1090;3;2;21;TSB;0,8071;0,7285
Sample;1090;3;2;22;TSB;0,8238;0,7456
Sample;1090;3;2;23;TSB;0,8348;0,7575
Sample;1090;3;2;24;TSB;0,8462;0,7677
Sample;1090;3;2;25;TSB;0,8529;0,7785
Sample;1090;3;2;26;TSB;0,8704;0,7914
Sample;1090;3;2;27;TSB;0,8782;0,801
Sample;1090;3;2;28;TSB;0,8831;0,8067
Sample;1090;3;2;29;TSB;0,8884;0,8113
Sample;1090;3;2;30;TSB;0,8891;0,8122
Sample;1090;3;2;31;TSB;0,896;0,8211
Sample;1090;3;2;32;TSB;0,8927;0,8168
Sample;1090;3;2;33;TSB;0,8861;0,8067
Sample;1090;3;2;34;TSB;0,8797;0,8013
Sample;1090;3;2;35;TSB;0,8712;0,7942
Sample;1090;3;2;36;TSB;0,8598;0,7834
Sample;1090;3;3;0;TSB;0,1282;0,05
Sample;1090;3;3;1;TSB;0,1939;0,1175
Sample;1090;3;3;2;TSB;0,2584;0,1783
Sample;1090;3;3;3;TSB;0,3115;0,2359
Sample;1090;3;3;4;TSB;0,514;0,4362
Sample;1090;3;3;5;TSB;0,5065;0,4257
Sample;1090;3;3;6;TSB;0,5282;0,4482
Sample;1090;3;3;7;TSB;0,5551;0,4762
Sample;1090;3;3;8;TSB;0,5886;0,5127
Sample;1090;3;3;9;TSB;0,6183;0,5385
Sample;1090;3;3;10;TSB;0,6465;0,5684
Sample;1090;3;3;11;TSB;0,6774;0,6011
Sample;1090;3;3;12;TSB;0,7043;0,6279
Sample;1090;3;3;13;TSB;0,7251;0,6475
Sample;1090;3;3;14;TSB;0,7446;0,6648
Sample;1090;3;3;15;TSB;0,7701;0,6905
Sample;1090;3;3;16;TSB;0,7883;0,7095
Sample;1090;3;3;17;TSB;0,8078;0,7325
Sample;1090;3;3;18;TSB;0,8204;0,7409
Sample;1090;3;3;19;TSB;0,8444;0,7671
Sample;1090;3;3;20;TSB;0,8591;0,7781
Sample;1090;3;3;21;TSB;0,8725;0,794
Sample;1090;3;3;22;TSB;0,8854;0,8073
Sample;1090;3;3;23;TSB;0,9034;0,8261
Sample;1090;3;3;24;TSB;0,9175;0,839
Sample;1090;3;3;25;TSB;0,9227;0,8484
Sample;1090;3;3;26;TSB;0,942;0,8631
Sample;1090;3;3;27;TSB;0,9508;0,8737
Sample;1090;3;3;28;TSB;0,9572;0,8808
Sample;1090;3;3;29;TSB;0,9599;0,8828
Sample;1090;3;3;30;TSB;0,9662;0,8893
Sample;1090;3;3;31;TSB;0,9723;0,8974
Sample;1090;3;3;32;TSB;0,9734;0,8975
Sample;1090;3;3;33;TSB;0,9716;0,8922
Sample;1090;3;3;34;TSB;0,9712;0,8928
Sample;1090;3;3;35;TSB;0,9649;0,8879
Sample;1090;3;3;36;TSB;0,9596;0,8833
Sample;1107;1;1;0;YPDB;0,1421;0,0507
Sample;1107;1;1;1;YPDB;0,1415;0,0512
Sample;1107;1;1;2;YPDB;0,1419;0,0526
Sample;1107;1;1;3;YPDB;0,1463;0,0545
Sample;1107;1;1;4;YPDB;0,1451;0,0566
Sample;1107;1;1;5;YPDB;0,1509;0,0588
Sample;1107;1;1;6;YPDB;0,1531;0,0607
Sample;1107;1;1;7;YPDB;0,1538;0,0621
Sample;1107;1;1;8;YPDB;0,1526;0,0626
Sample;1107;1;1;9;YPDB;0,1667;0,0747
Sample;1107;1;1;10;YPDB;0,1861;0,0972
Sample;1107;1;1;11;YPDB;0,2043;0,1123
Sample;1107;1;1;12;YPDB;0,2237;0,1329
Sample;1107;1;1;13;YPDB;0,242;0,1534
Sample;1107;1;1;14;YPDB;0,2598;0,1645
Sample;1107;1;1;15;YPDB;0,2758;0,1808
Sample;1107;1;1;16;YPDB;0,3368;0,2488
Sample;1107;1;1;17;YPDB;0,353;0,2553
Sample;1107;1;1;18;YPDB;0,3776;0,2842
Sample;1107;1;1;19;YPDB;0,3441;0,25
Sample;1107;1;1;20;YPDB;0,3368;0,2461
Sample;1107;1;1;21;YPDB;0,3453;0,2552
Sample;1107;1;1;22;YPDB;0,3544;0,2636
Sample;1107;1;1;23;YPDB;0,3565;0,2686
Sample;1107;1;1;24;YPDB;0,36;0,2671
Sample;1107;1;1;25;YPDB;0,3632;0,2695
Sample;1107;1;1;26;YPDB;0,3636;0,2695
Sample;1107;1;1;27;YPDB;0,3642;0,2703
Sample;1107;1;1;28;YPDB;0,366;0,2751
Sample;1107;1;1;29;YPDB;0,3648;0,2731
Sample;1107;1;1;30;YPDB;0,3709;0,2775
Sample;1107;1;1;31;YPDB;0,3728;0,2809
Sample;1107;1;1;32;YPDB;0,37;0,2763
Sample;1107;1;1;33;YPDB;0,3621;0,2742
Sample;1107;1;1;34;YPDB;0,3438;0,25
Sample;1107;1;1;35;YPDB;0,3262;0,2322
Sample;1107;1;1;36;YPDB;0,3229;0,234
Sample;1107;1;2;0;YPDB;0,1432;0,0518
Sample;1107;1;2;1;YPDB;0,1422;0,0519
Sample;1107;1;2;2;YPDB;0,1415;0,0522
Sample;1107;1;2;3;YPDB;0,1444;0,0526
Sample;1107;1;2;4;YPDB;0,1415;0,053
Sample;1107;1;2;5;YPDB;0,1455;0,0535
Sample;1107;1;2;6;YPDB;0,1463;0,0539
Sample;1107;1;2;7;YPDB;0,1459;0,0542
Sample;1107;1;2;8;YPDB;0,1443;0,0543
Sample;1107;1;2;9;YPDB;0,1522;0,0602
Sample;1107;1;2;10;YPDB;0,1629;0,074
Sample;1107;1;2;11;YPDB;0,1752;0,0832
Sample;1107;1;2;12;YPDB;0,1879;0,0971
Sample;1107;1;2;13;YPDB;0,1991;0,1105
Sample;1107;1;2;14;YPDB;0,2266;0,1313
Sample;1107;1;2;15;YPDB;0,286;0,191
Sample;1107;1;2;16;YPDB;0,3383;0,2503
Sample;1107;1;2;17;YPDB;0,3605;0,2628
Sample;1107;1;2;18;YPDB;0,3829;0,2895
Sample;1107;1;2;19;YPDB;0,4003;0,3062
Sample;1107;1;2;20;YPDB;0,4157;0,325
Sample;1107;1;2;21;YPDB;0,4318;0,3417
Sample;1107;1;2;22;YPDB;0,4501;0,3593
Sample;1107;1;2;23;YPDB;0,4682;0,3803
Sample;1107;1;2;24;YPDB;0,4832;0,3903
Sample;1107;1;2;25;YPDB;0,5008;0,4071
Sample;1107;1;2;26;YPDB;0,5172;0,4231
Sample;1107;1;2;27;YPDB;0,5361;0,4422
Sample;1107;1;2;28;YPDB;0,5504;0,4595
Sample;1107;1;2;29;YPDB;0,5669;0,4752
Sample;1107;1;2;30;YPDB;0,5792;0,4858
Sample;1107;1;2;31;YPDB;0,5939;0,502
Sample;1107;1;2;32;YPDB;0,607;0,5133
Sample;1107;1;2;33;YPDB;0,6196;0,5317
Sample;1107;1;2;34;YPDB;0,6306;0,5368
Sample;1107;1;2;35;YPDB;0,6411;0,5471
Sample;1107;1;2;36;YPDB;0,6525;0,5636
Sample;1107;1;3;0;YPDB;0,1419;0,0504
Sample;1107;1;3;1;YPDB;0,1409;0,0507
Sample;1107;1;3;2;YPDB;0,1405;0,0512
Sample;1107;1;3;3;YPDB;0,1439;0,0521
Sample;1107;1;3;4;YPDB;0,1415;0,0531
Sample;1107;1;3;5;YPDB;0,1462;0,0541
Sample;1107;1;3;6;YPDB;0,1475;0,0551
Sample;1107;1;3;7;YPDB;0,1476;0,0559
Sample;1107;1;3;8;YPDB;0,1466;0,0565
Sample;1107;1;3;9;YPDB;0,1488;0,0567
Sample;1107;1;3;10;YPDB;0,1582;0,0692
Sample;1107;1;3;11;YPDB;0,1746;0,0825
Sample;1107;1;3;12;YPDB;0,2117;0,1208
Sample;1107;1;3;13;YPDB;0,283;0,1944
Sample;1107;1;3;14;YPDB;0,3608;0,2655
Sample;1107;1;3;15;YPDB;0,389;0,294
Sample;1107;1;3;16;YPDB;0,4161;0,3281
Sample;1107;1;3;17;YPDB;0,443;0,3452
Sample;1107;1;3;18;YPDB;0,4696;0,3761
Sample;1107;1;3;19;YPDB;0,489;0,3949
Sample;1107;1;3;20;YPDB;0,5094;0,4186
Sample;1107;1;3;21;YPDB;0,5293;0,4391
Sample;1107;1;3;22;YPDB;0,5487;0,4579
Sample;1107;1;3;23;YPDB;0,5652;0,4772
Sample;1107;1;3;24;YPDB;0,5806;0,4876
Sample;1107;1;3;25;YPDB;0,5983;0,5045
Sample;1107;1;3;26;YPDB;0,613;0,5189
Sample;1107;1;3;27;YPDB;0,6283;0,5344
Sample;1107;1;3;28;YPDB;0,6429;0,552
Sample;1107;1;3;29;YPDB;0,6562;0,5644
Sample;1107;1;3;30;YPDB;0,6545;0,561
Sample;1107;1;3;31;YPDB;0,6629;0,5709
Sample;1107;1;3;32;YPDB;0,6711;0,5773
Sample;1107;1;3;33;YPDB;0,6846;0,5966
Sample;1107;1;3;34;YPDB;0,7024;0,6085
Sample;1107;1;3;35;YPDB;0,7175;0,6234
Sample;1107;1;3;36;YPDB;0,7398;0,6508
Sample;1107;2;1;0;YPDB;0,1388;0,0474
Sample;1107;2;1;1;YPDB;0,1383;0,048
Sample;1107;2;1;2;YPDB;0,1389;0,0496
Sample;1107;2;1;3;YPDB;0,1436;0,0518
Sample;1107;2;1;4;YPDB;0,1427;0,0542
Sample;1107;2;1;5;YPDB;0,1484;0,0564
Sample;1107;2;1;6;YPDB;0,1504;0,058
Sample;1107;2;1;7;YPDB;0,1503;0,0586
Sample;1107;2;1;8;YPDB;0,1676;0,0775
Sample;1107;2;1;9;YPDB;0,1856;0,0935
Sample;1107;2;1;10;YPDB;0,2067;0,1177
Sample;1107;2;1;11;YPDB;0,2357;0,1437
Sample;1107;2;1;12;YPDB;0,2847;0,1938
Sample;1107;2;1;13;YPDB;0,3623;0,2737
Sample;1107;2;1;14;YPDB;0,4436;0,3483
Sample;1107;2;1;15;YPDB;0,5485;0,4535
Sample;1107;2;1;16;YPDB;0,6285;0,5405
Sample;1107;2;1;17;YPDB;0,6643;0,5665
Sample;1107;2;1;18;YPDB;0,6911;0,5977
Sample;1107;2;1;19;YPDB;0,7494;0,6553
Sample;1107;2;1;20;YPDB;0,793;0,7022
Sample;1107;2;1;21;YPDB;0,8196;0,7295
Sample;1107;2;1;22;YPDB;0,8551;0,7643
Sample;1107;2;1;23;YPDB;0,8811;0,7932
Sample;1107;2;1;24;YPDB;0,8966;0,8036
Sample;1107;2;1;25;YPDB;0,9092;0,8154
Sample;1107;2;1;26;YPDB;0,9185;0,8244
Sample;1107;2;1;27;YPDB;0,9303;0,8364
Sample;1107;2;1;28;YPDB;0,9358;0,8449
Sample;1107;2;1;29;YPDB;0,945;0,8532
Sample;1107;2;1;30;YPDB;0,954;0,8605
Sample;1107;2;1;31;YPDB;0,9599;0,868
Sample;1107;2;1;32;YPDB;0,9676;0,8739
Sample;1107;2;1;33;YPDB;0,9723;0,8843
Sample;1107;2;1;34;YPDB;0,9799;0,886
Sample;1107;2;1;35;YPDB;0,9855;0,8914
Sample;1107;2;1;36;YPDB;0,9873;0,8983
Sample;1107;2;2;0;YPDB;0,1421;0,0507
Sample;1107;2;2;1;YPDB;0,1411;0,0508
Sample;1107;2;2;2;YPDB;0,1404;0,0511
Sample;1107;2;2;3;YPDB;0,1433;0,0515
Sample;1107;2;2;4;YPDB;0,1405;0,052
Sample;1107;2;2;5;YPDB;0,1445;0,0524
Sample;1107;2;2;6;YPDB;0,1451;0,0527
Sample;1107;2;2;7;YPDB;0,1445;0,0528
Sample;1107;2;2;8;YPDB;0,152;0,062
Sample;1107;2;2;9;YPDB;0,1597;0,0677
Sample;1107;2;2;10;YPDB;0,1757;0,0868
Sample;1107;2;2;11;YPDB;0,2094;0,1174
Sample;1107;2;2;12;YPDB;0,2514;0,1606
Sample;1107;2;2;13;YPDB;0,3099;0,2213
Sample;1107;2;2;14;YPDB;0,3913;0,296
Sample;1107;2;2;15;YPDB;0,472;0,377
Sample;1107;2;2;16;YPDB;0,5568;0,4688
Sample;1107;2;2;17;YPDB;0,5846;0,4869
Sample;1107;2;2;18;YPDB;0,6203;0,5269
Sample;1107;2;2;19;YPDB;0,6678;0,5737
Sample;1107;2;2;20;YPDB;0,7078;0,6171
Sample;1107;2;2;21;YPDB;0,7408;0,6507
Sample;1107;2;2;22;YPDB;0,7679;0,6771
Sample;1107;2;2;23;YPDB;0,8006;0,7127
Sample;1107;2;2;24;YPDB;0,8211;0,7282
Sample;1107;2;2;25;YPDB;0,8397;0,746
Sample;1107;2;2;26;YPDB;0,8534;0,7593
Sample;1107;2;2;27;YPDB;0,8658;0,7719
Sample;1107;2;2;28;YPDB;0,8752;0,7843
Sample;1107;2;2;29;YPDB;0,8849;0,7932
Sample;1107;2;2;30;YPDB;0,8947;0,8013
Sample;1107;2;2;31;YPDB;0,9023;0,8104
Sample;1107;2;2;32;YPDB;0,91;0,8163
Sample;1107;2;2;33;YPDB;0,9184;0,8305
Sample;1107;2;2;34;YPDB;0,9257;0,8319
Sample;1107;2;2;35;YPDB;0,931;0,837
Sample;1107;2;2;36;YPDB;0,9358;0,8469
Sample;1107;2;3;0;YPDB;0,1378;0,0464
Sample;1107;2;3;1;YPDB;0,1369;0,0466
Sample;1107;2;3;2;YPDB;0,1366;0,0473
Sample;1107;2;3;3;YPDB;0,14;0,0482
Sample;1107;2;3;4;YPDB;0,1379;0,0494
Sample;1107;2;3;5;YPDB;0,1427;0,0507
Sample;1107;2;3;6;YPDB;0,1443;0,0519
Sample;1107;2;3;7;YPDB;0,1448;0,0531
Sample;1107;2;3;8;YPDB;0,1441;0,0541
Sample;1107;2;3;9;YPDB;0,1468;0,0547
Sample;1107;2;3;10;YPDB;0,1439;0,0549
Sample;1107;2;3;11;YPDB;0,1726;0,0806
Sample;1107;2;3;12;YPDB;0,2829;0,192
Sample;1107;2;3;13;YPDB;0,5345;0,4459
Sample;1107;2;3;14;YPDB;0,7632;0,6679
Sample;1107;2;3;15;YPDB;0,6978;0,6028
Sample;1107;2;3;16;YPDB;0,6493;0,5613
Sample;1107;2;3;17;YPDB;0,6903;0,5925
Sample;1107;2;3;18;YPDB;0,7295;0,6361
Sample;1107;2;3;19;YPDB;0,7549;0,6608
Sample;1107;2;3;20;YPDB;0,7903;0,6995
Sample;1107;2;3;21;YPDB;0,8216;0,7315
Sample;1107;2;3;22;YPDB;0,8443;0,7535
Sample;1107;2;3;23;YPDB;0,856;0,7681
Sample;1107;2;3;24;YPDB;0,8726;0,7796
Sample;1107;2;3;25;YPDB;0,8906;0,7968
Sample;1107;2;3;26;YPDB;0,9002;0,8061
Sample;1107;2;3;27;YPDB;0,9047;0,8108
Sample;1107;2;3;28;YPDB;0,9202;0,8293
Sample;1107;2;3;29;YPDB;0,9239;0,8321
Sample;1107;2;3;30;YPDB;0,8802;0,7867
Sample;1107;2;3;31;YPDB;0,8697;0,7778
Sample;1107;2;3;32;YPDB;0,8632;0,7695
Sample;1107;2;3;33;YPDB;0,8794;0,7914
Sample;1107;2;3;34;YPDB;0,9176;0,8237
Sample;1107;2;3;35;YPDB;0,9465;0,8524
Sample;1107;2;3;36;YPDB;1,0015;0,9125
Sample;1107;3;1;0;YPDB;0,1405;0,0491
Sample;1107;3;1;1;YPDB;0,1395;0,0492
Sample;1107;3;1;2;YPDB;0,1389;0,0496
Sample;1107;3;1;3;YPDB;0,142;0,0502
Sample;1107;3;1;4;YPDB;0,1393;0,0508
Sample;1107;3;1;5;YPDB;0,1436;0,0515
Sample;1107;3;1;6;YPDB;0,1446;0,0522
Sample;1107;3;1;7;YPDB;0,1444;0,0527
Sample;1107;3;1;8;YPDB;0,1432;0,0531
Sample;1107;3;1;9;YPDB;0,1453;0,0533
Sample;1107;3;1;10;YPDB;0,1534;0,0645
Sample;1107;3;1;11;YPDB;0,1739;0,0819
Sample;1107;3;1;12;YPDB;0,2354;0,1446
Sample;1107;3;1;13;YPDB;0,3668;0,2782
Sample;1107;3;1;14;YPDB;0,4949;0,3996
Sample;1107;3;1;15;YPDB;0,4919;0,3969
Sample;1107;3;1;16;YPDB;0,4938;0,4058
Sample;1107;3;1;17;YPDB;0,5254;0,4277
Sample;1107;3;1;18;YPDB;0,5562;0,4628
Sample;1107;3;1;19;YPDB;0,5776;0,4835
Sample;1107;3;1;20;YPDB;0,603;0,5123
Sample;1107;3;1;21;YPDB;0,6267;0,5366
Sample;1107;3;1;22;YPDB;0,6472;0,5564
Sample;1107;3;1;23;YPDB;0,6621;0,5742
Sample;1107;3;1;24;YPDB;0,6779;0,585
Sample;1107;3;1;25;YPDB;0,6957;0,602
Sample;1107;3;1;26;YPDB;0,7087;0,6146
Sample;1107;3;1;27;YPDB;0,7204;0,6265
Sample;1107;3;1;28;YPDB;0,7353;0,6444
Sample;1107;3;1;29;YPDB;0,7454;0,6537
Sample;1107;3;1;30;YPDB;0,7297;0,6363
Sample;1107;3;1;31;YPDB;0,7318;0,6399
Sample;1107;3;1;32;YPDB;0,7351;0,6414
Sample;1107;3;1;33;YPDB;0,7495;0,6616
Sample;1107;3;1;34;YPDB;0,7741;0,6803
Sample;1107;3;1;35;YPDB;0,7938;0,6998
Sample;1107;3;1;36;YPDB;0,827;0,7381
Sample;1107;3;2;0;YPDB;0,1464;0,055
Sample;1107;3;2;1;YPDB;0,1465;0,0562
Sample;1107;3;2;2;YPDB;0,149;0,0597
Sample;1107;3;2;3;YPDB;0,1568;0,065
Sample;1107;3;2;4;YPDB;0,1603;0,0719
Sample;1107;3;2;5;YPDB;0,172;0,0799
Sample;1107;3;2;6;YPDB;0,1813;0,0889
Sample;1107;3;2;7;YPDB;0,19;0,0983
Sample;1107;3;2;8;YPDB;0,198;0,1079
Sample;1107;3;2;9;YPDB;0,2094;0,1174
Sample;1107;3;2;10;YPDB;0,2153;0,1263
Sample;1107;3;2;11;YPDB;0,2264;0,1344
Sample;1107;3;2;12;YPDB;0,2321;0,1412
Sample;1107;3;2;13;YPDB;0,2352;0,1466
Sample;1107;3;2;14;YPDB;0,2453;0,15
Sample;1107;3;2;15;YPDB;0,2462;0,1512
Sample;1107;3;2;16;YPDB;0,4643;0,3763
Sample;1107;3;2;17;YPDB;0,4789;0,3812
Sample;1107;3;2;18;YPDB;0,5111;0,4177
Sample;1107;3;2;19;YPDB;0,5807;0,4866
Sample;1107;3;2;20;YPDB;0,6253;0,5346
Sample;1107;3;2;21;YPDB;0,66;0,5699
Sample;1107;3;2;22;YPDB;0,6915;0,6007
Sample;1107;3;2;23;YPDB;0,7452;0,6573
Sample;1107;3;2;24;YPDB;0,7696;0,6767
Sample;1107;3;2;25;YPDB;0,7888;0,6951
Sample;1107;3;2;26;YPDB;0,8066;0,7125
Sample;1107;3;2;27;YPDB;0,8269;0,733
Sample;1107;3;2;28;YPDB;0,8302;0,7393
Sample;1107;3;2;29;YPDB;0,8459;0,7542
Sample;1107;3;2;30;YPDB;0,9092;0,8158
Sample;1107;3;2;31;YPDB;0,9349;0,843
Sample;1107;3;2;32;YPDB;0,9568;0,8631
Sample;1107;3;2;33;YPDB;0,9574;0,8695
Sample;1107;3;2;34;YPDB;0,9338;0,84
Sample;1107;3;2;35;YPDB;0,9155;0,8215
Sample;1107;3;2;36;YPDB;0,8701;0,7812
Sample;1107;3;3;0;YPDB;0,14;0,0485
Sample;1107;3;3;1;YPDB;0,1389;0,0486
Sample;1107;3;3;2;YPDB;0,1381;0,0488
Sample;1107;3;3;3;YPDB;0,1409;0,0491
Sample;1107;3;3;4;YPDB;0,1378;0,0494
Sample;1107;3;3;5;YPDB;0,1417;0,0497
Sample;1107;3;3;6;YPDB;0,1423;0,0499
Sample;1107;3;3;7;YPDB;0,1418;0,0501
Sample;1107;3;3;8;YPDB;0,1403;0,0502
Sample;1107;3;3;9;YPDB;0,1491;0,057
Sample;1107;3;3;10;YPDB;0,1599;0,0709
Sample;1107;3;3;11;YPDB;0,1911;0,099
Sample;1107;3;3;12;YPDB;0,2672;0,1763
Sample;1107;3;3;13;YPDB;0,4223;0,3337
Sample;1107;3;3;14;YPDB;0,5773;0,482
Sample;1107;3;3;15;YPDB;0,585;0,49
Sample;1107;3;3;16;YPDB;0,6031;0,5151
Sample;1107;3;3;17;YPDB;0,6375;0,5397
Sample;1107;3;3;18;YPDB;0,675;0,5815
Sample;1107;3;3;19;YPDB;0,7114;0,6173
Sample;1107;3;3;20;YPDB;0,7491;0,6583
Sample;1107;3;3;21;YPDB;0,7813;0,6911
Sample;1107;3;3;22;YPDB;0,8062;0,7154
Sample;1107;3;3;23;YPDB;0,8284;0,7404
Sample;1107;3;3;24;YPDB;0,8469;0,7539
Sample;1107;3;3;25;YPDB;0,8652;0,7714
Sample;1107;3;3;26;YPDB;0,8769;0,7828
Sample;1107;3;3;27;YPDB;0,8853;0,7914
Sample;1107;3;3;28;YPDB;0,8978;0,8069
Sample;1107;3;3;29;YPDB;0,9045;0,8127
Sample;1107;3;3;30;YPDB;0,8875;0,794
Sample;1107;3;3;31;YPDB;0,8861;0,7941
Sample;1107;3;3;32;YPDB;0,8867;0,7929
Sample;1107;3;3;33;YPDB;0,899;0,811
Sample;1107;3;3;34;YPDB;0,9217;0,8278
Sample;1107;3;3;35;YPDB;0,9388;0,8447
Sample;1107;3;3;36;YPDB;0,9687;0,8797
